datetime,intersection_id,green_time,red_time
2025-02-01 00:00:00,INT_101,68,112
2025-02-01 00:00:00,INT_102,82,31
2025-02-01 00:00:00,INT_103,71,89
2025-02-01 00:00:00,INT_104,86,32
2025-02-01 01:00:00,INT_101,55,82
2025-02-01 01:00:00,INT_102,64,107
2025-02-01 01:00:00,INT_103,33,83
2025-02-01 01:00:00,INT_104,60,77
2025-02-01 02:00:00,INT_101,53,55
2025-02-01 02:00:00,INT_102,30,37
2025-02-01 02:00:00,INT_103,34,70
2025-02-01 02:00:00,INT_104,53,66
2025-02-01 03:00:00,INT_101,43,32
2025-02-01 03:00:00,INT_102,44,119
2025-02-01 03:00:00,INT_103,61,33
2025-02-01 03:00:00,INT_104,61,100
2025-02-01 04:00:00,INT_101,73,113
2025-02-01 04:00:00,INT_102,62,30
2025-02-01 04:00:00,INT_103,66,80
2025-02-01 04:00:00,INT_104,81,91
2025-02-01 05:00:00,INT_101,83,116
2025-02-01 05:00:00,INT_102,61,99
2025-02-01 05:00:00,INT_103,53,98
2025-02-01 05:00:00,INT_104,58,32
2025-02-01 06:00:00,INT_101,61,100
2025-02-01 06:00:00,INT_102,52,60
2025-02-01 06:00:00,INT_103,89,31
2025-02-01 06:00:00,INT_104,45,32
2025-02-01 07:00:00,INT_101,77,118
2025-02-01 07:00:00,INT_102,62,43
2025-02-01 07:00:00,INT_103,41,88
2025-02-01 07:00:00,INT_104,83,37
2025-02-01 08:00:00,INT_101,90,77
2025-02-01 08:00:00,INT_102,82,89
2025-02-01 08:00:00,INT_103,47,54
2025-02-01 08:00:00,INT_104,56,31
2025-02-01 09:00:00,INT_101,55,79
2025-02-01 09:00:00,INT_102,75,45
2025-02-01 09:00:00,INT_103,80,54
2025-02-01 09:00:00,INT_104,89,34
2025-02-01 10:00:00,INT_101,69,81
2025-02-01 10:00:00,INT_102,52,38
2025-02-01 10:00:00,INT_103,90,93
2025-02-01 10:00:00,INT_104,66,115
2025-02-01 11:00:00,INT_101,55,119
2025-02-01 11:00:00,INT_102,39,98
2025-02-01 11:00:00,INT_103,85,98
2025-02-01 11:00:00,INT_104,41,79
2025-02-01 12:00:00,INT_101,30,62
2025-02-01 12:00:00,INT_102,90,64
2025-02-01 12:00:00,INT_103,80,36
2025-02-01 12:00:00,INT_104,50,65
2025-02-01 13:00:00,INT_101,47,53
2025-02-01 13:00:00,INT_102,64,59
2025-02-01 13:00:00,INT_103,78,41
2025-02-01 13:00:00,INT_104,50,82
2025-02-01 14:00:00,INT_101,60,34
2025-02-01 14:00:00,INT_102,67,36
2025-02-01 14:00:00,INT_103,37,94
2025-02-01 14:00:00,INT_104,89,60
2025-02-01 15:00:00,INT_101,32,74
2025-02-01 15:00:00,INT_102,42,91
2025-02-01 15:00:00,INT_103,87,73
2025-02-01 15:00:00,INT_104,76,78
2025-02-01 16:00:00,INT_101,86,104
2025-02-01 16:00:00,INT_102,55,37
2025-02-01 16:00:00,INT_103,62,113
2025-02-01 16:00:00,INT_104,54,95
2025-02-01 17:00:00,INT_101,47,78
2025-02-01 17:00:00,INT_102,70,30
2025-02-01 17:00:00,INT_103,52,82
2025-02-01 17:00:00,INT_104,78,61
2025-02-01 18:00:00,INT_101,79,41
2025-02-01 18:00:00,INT_102,52,108
2025-02-01 18:00:00,INT_103,79,111
2025-02-01 18:00:00,INT_104,89,59
2025-02-01 19:00:00,INT_101,42,72
2025-02-01 19:00:00,INT_102,85,54
2025-02-01 19:00:00,INT_103,34,111
2025-02-01 19:00:00,INT_104,55,75
2025-02-01 20:00:00,INT_101,59,92
2025-02-01 20:00:00,INT_102,85,115
2025-02-01 20:00:00,INT_103,88,85
2025-02-01 20:00:00,INT_104,80,44
2025-02-01 21:00:00,INT_101,51,119
2025-02-01 21:00:00,INT_102,70,47
2025-02-01 21:00:00,INT_103,48,71
2025-02-01 21:00:00,INT_104,74,99
2025-02-01 22:00:00,INT_101,33,104
2025-02-01 22:00:00,INT_102,44,35
2025-02-01 22:00:00,INT_103,74,73
2025-02-01 22:00:00,INT_104,43,93
2025-02-01 23:00:00,INT_101,35,79
2025-02-01 23:00:00,INT_102,49,94
2025-02-01 23:00:00,INT_103,34,91
2025-02-01 23:00:00,INT_104,51,89
2025-02-02 00:00:00,INT_101,50,66
2025-02-02 00:00:00,INT_102,54,47
2025-02-02 00:00:00,INT_103,52,92
2025-02-02 00:00:00,INT_104,80,99
2025-02-02 01:00:00,INT_101,58,62
2025-02-02 01:00:00,INT_102,66,56
2025-02-02 01:00:00,INT_103,60,76
2025-02-02 01:00:00,INT_104,76,97
2025-02-02 02:00:00,INT_101,72,56
2025-02-02 02:00:00,INT_102,76,119
2025-02-02 02:00:00,INT_103,33,34
2025-02-02 02:00:00,INT_104,83,80
2025-02-02 03:00:00,INT_101,69,44
2025-02-02 03:00:00,INT_102,54,119
2025-02-02 03:00:00,INT_103,72,88
2025-02-02 03:00:00,INT_104,53,62
2025-02-02 04:00:00,INT_101,57,92
2025-02-02 04:00:00,INT_102,61,59
2025-02-02 04:00:00,INT_103,31,67
2025-02-02 04:00:00,INT_104,39,103
2025-02-02 05:00:00,INT_101,86,96
2025-02-02 05:00:00,INT_102,32,80
2025-02-02 05:00:00,INT_103,85,75
2025-02-02 05:00:00,INT_104,77,111
2025-02-02 06:00:00,INT_101,31,30
2025-02-02 06:00:00,INT_102,41,49
2025-02-02 06:00:00,INT_103,81,115
2025-02-02 06:00:00,INT_104,61,110
2025-02-02 07:00:00,INT_101,51,33
2025-02-02 07:00:00,INT_102,71,70
2025-02-02 07:00:00,INT_103,50,56
2025-02-02 07:00:00,INT_104,74,46
2025-02-02 08:00:00,INT_101,55,58
2025-02-02 08:00:00,INT_102,64,83
2025-02-02 08:00:00,INT_103,49,112
2025-02-02 08:00:00,INT_104,55,95
2025-02-02 09:00:00,INT_101,68,64
2025-02-02 09:00:00,INT_102,73,88
2025-02-02 09:00:00,INT_103,37,50
2025-02-02 09:00:00,INT_104,70,55
2025-02-02 10:00:00,INT_101,77,101
2025-02-02 10:00:00,INT_102,46,43
2025-02-02 10:00:00,INT_103,69,119
2025-02-02 10:00:00,INT_104,54,42
2025-02-02 11:00:00,INT_101,61,68
2025-02-02 11:00:00,INT_102,45,85
2025-02-02 11:00:00,INT_103,30,78
2025-02-02 11:00:00,INT_104,54,77
2025-02-02 12:00:00,INT_101,75,117
2025-02-02 12:00:00,INT_102,82,103
2025-02-02 12:00:00,INT_103,52,78
2025-02-02 12:00:00,INT_104,47,91
2025-02-02 13:00:00,INT_101,85,96
2025-02-02 13:00:00,INT_102,40,88
2025-02-02 13:00:00,INT_103,47,99
2025-02-02 13:00:00,INT_104,69,69
2025-02-02 14:00:00,INT_101,62,88
2025-02-02 14:00:00,INT_102,56,67
2025-02-02 14:00:00,INT_103,47,31
2025-02-02 14:00:00,INT_104,78,46
2025-02-02 15:00:00,INT_101,48,59
2025-02-02 15:00:00,INT_102,66,51
2025-02-02 15:00:00,INT_103,51,46
2025-02-02 15:00:00,INT_104,90,105
2025-02-02 16:00:00,INT_101,75,58
2025-02-02 16:00:00,INT_102,76,107
2025-02-02 16:00:00,INT_103,66,88
2025-02-02 16:00:00,INT_104,64,93
2025-02-02 17:00:00,INT_101,54,46
2025-02-02 17:00:00,INT_102,73,82
2025-02-02 17:00:00,INT_103,38,67
2025-02-02 17:00:00,INT_104,37,40
2025-02-02 18:00:00,INT_101,70,37
2025-02-02 18:00:00,INT_102,83,115
2025-02-02 18:00:00,INT_103,42,55
2025-02-02 18:00:00,INT_104,63,73
2025-02-02 19:00:00,INT_101,37,101
2025-02-02 19:00:00,INT_102,55,32
2025-02-02 19:00:00,INT_103,54,74
2025-02-02 19:00:00,INT_104,61,80
2025-02-02 20:00:00,INT_101,80,64
2025-02-02 20:00:00,INT_102,50,60
2025-02-02 20:00:00,INT_103,89,53
2025-02-02 20:00:00,INT_104,65,95
2025-02-02 21:00:00,INT_101,47,69
2025-02-02 21:00:00,INT_102,71,73
2025-02-02 21:00:00,INT_103,83,89
2025-02-02 21:00:00,INT_104,46,118
2025-02-02 22:00:00,INT_101,32,43
2025-02-02 22:00:00,INT_102,37,72
2025-02-02 22:00:00,INT_103,78,73
2025-02-02 22:00:00,INT_104,43,31
2025-02-02 23:00:00,INT_101,66,88
2025-02-02 23:00:00,INT_102,86,68
2025-02-02 23:00:00,INT_103,74,81
2025-02-02 23:00:00,INT_104,34,115
2025-02-03 00:00:00,INT_101,76,105
2025-02-03 00:00:00,INT_102,70,119
2025-02-03 00:00:00,INT_103,54,77
2025-02-03 00:00:00,INT_104,67,33
2025-02-03 01:00:00,INT_101,40,30
2025-02-03 01:00:00,INT_102,36,44
2025-02-03 01:00:00,INT_103,73,119
2025-02-03 01:00:00,INT_104,50,55
2025-02-03 02:00:00,INT_101,44,73
2025-02-03 02:00:00,INT_102,72,50
2025-02-03 02:00:00,INT_103,63,107
2025-02-03 02:00:00,INT_104,64,37
2025-02-03 03:00:00,INT_101,54,104
2025-02-03 03:00:00,INT_102,78,71
2025-02-03 03:00:00,INT_103,76,42
2025-02-03 03:00:00,INT_104,90,71
2025-02-03 04:00:00,INT_101,48,89
2025-02-03 04:00:00,INT_102,34,76
2025-02-03 04:00:00,INT_103,66,44
2025-02-03 04:00:00,INT_104,86,54
2025-02-03 05:00:00,INT_101,68,53
2025-02-03 05:00:00,INT_102,75,65
2025-02-03 05:00:00,INT_103,70,97
2025-02-03 05:00:00,INT_104,37,101
2025-02-03 06:00:00,INT_101,52,73
2025-02-03 06:00:00,INT_102,73,87
2025-02-03 06:00:00,INT_103,45,41
2025-02-03 06:00:00,INT_104,34,113
2025-02-03 07:00:00,INT_101,68,61
2025-02-03 07:00:00,INT_102,50,31
2025-02-03 07:00:00,INT_103,84,35
2025-02-03 07:00:00,INT_104,59,107
2025-02-03 08:00:00,INT_101,31,64
2025-02-03 08:00:00,INT_102,90,81
2025-02-03 08:00:00,INT_103,63,97
2025-02-03 08:00:00,INT_104,89,92
2025-02-03 09:00:00,INT_101,48,63
2025-02-03 09:00:00,INT_102,45,45
2025-02-03 09:00:00,INT_103,68,79
2025-02-03 09:00:00,INT_104,43,100
2025-02-03 10:00:00,INT_101,83,108
2025-02-03 10:00:00,INT_102,55,114
2025-02-03 10:00:00,INT_103,40,92
2025-02-03 10:00:00,INT_104,64,81
2025-02-03 11:00:00,INT_101,31,89
2025-02-03 11:00:00,INT_102,57,104
2025-02-03 11:00:00,INT_103,52,117
2025-02-03 11:00:00,INT_104,64,53
2025-02-03 12:00:00,INT_101,81,44
2025-02-03 12:00:00,INT_102,77,110
2025-02-03 12:00:00,INT_103,78,65
2025-02-03 12:00:00,INT_104,79,39
2025-02-03 13:00:00,INT_101,89,40
2025-02-03 13:00:00,INT_102,43,118
2025-02-03 13:00:00,INT_103,78,50
2025-02-03 13:00:00,INT_104,69,36
2025-02-03 14:00:00,INT_101,57,58
2025-02-03 14:00:00,INT_102,73,106
2025-02-03 14:00:00,INT_103,52,58
2025-02-03 14:00:00,INT_104,87,45
2025-02-03 15:00:00,INT_101,54,39
2025-02-03 15:00:00,INT_102,38,65
2025-02-03 15:00:00,INT_103,63,82
2025-02-03 15:00:00,INT_104,66,87
2025-02-03 16:00:00,INT_101,66,114
2025-02-03 16:00:00,INT_102,74,49
2025-02-03 16:00:00,INT_103,87,84
2025-02-03 16:00:00,INT_104,89,89
2025-02-03 17:00:00,INT_101,82,60
2025-02-03 17:00:00,INT_102,81,76
2025-02-03 17:00:00,INT_103,43,104
2025-02-03 17:00:00,INT_104,72,99
2025-02-03 18:00:00,INT_101,34,99
2025-02-03 18:00:00,INT_102,49,53
2025-02-03 18:00:00,INT_103,43,39
2025-02-03 18:00:00,INT_104,87,86
2025-02-03 19:00:00,INT_101,40,49
2025-02-03 19:00:00,INT_102,66,87
2025-02-03 19:00:00,INT_103,90,70
2025-02-03 19:00:00,INT_104,53,90
2025-02-03 20:00:00,INT_101,63,99
2025-02-03 20:00:00,INT_102,86,95
2025-02-03 20:00:00,INT_103,76,69
2025-02-03 20:00:00,INT_104,55,97
2025-02-03 21:00:00,INT_101,70,69
2025-02-03 21:00:00,INT_102,81,35
2025-02-03 21:00:00,INT_103,40,41
2025-02-03 21:00:00,INT_104,84,38
2025-02-03 22:00:00,INT_101,41,31
2025-02-03 22:00:00,INT_102,33,99
2025-02-03 22:00:00,INT_103,82,50
2025-02-03 22:00:00,INT_104,34,90
2025-02-03 23:00:00,INT_101,86,40
2025-02-03 23:00:00,INT_102,41,59
2025-02-03 23:00:00,INT_103,81,63
2025-02-03 23:00:00,INT_104,51,46
2025-02-04 00:00:00,INT_101,69,57
2025-02-04 00:00:00,INT_102,87,54
2025-02-04 00:00:00,INT_103,81,43
2025-02-04 00:00:00,INT_104,56,52
2025-02-04 01:00:00,INT_101,64,48
2025-02-04 01:00:00,INT_102,80,32
2025-02-04 01:00:00,INT_103,89,48
2025-02-04 01:00:00,INT_104,59,38
2025-02-04 02:00:00,INT_101,88,107
2025-02-04 02:00:00,INT_102,84,45
2025-02-04 02:00:00,INT_103,34,77
2025-02-04 02:00:00,INT_104,53,94
2025-02-04 03:00:00,INT_101,44,48
2025-02-04 03:00:00,INT_102,58,80
2025-02-04 03:00:00,INT_103,51,95
2025-02-04 03:00:00,INT_104,56,37
2025-02-04 04:00:00,INT_101,43,64
2025-02-04 04:00:00,INT_102,78,91
2025-02-04 04:00:00,INT_103,71,83
2025-02-04 04:00:00,INT_104,80,88
2025-02-04 05:00:00,INT_101,30,69
2025-02-04 05:00:00,INT_102,77,62
2025-02-04 05:00:00,INT_103,47,47
2025-02-04 05:00:00,INT_104,57,69
2025-02-04 06:00:00,INT_101,58,103
2025-02-04 06:00:00,INT_102,86,68
2025-02-04 06:00:00,INT_103,46,70
2025-02-04 06:00:00,INT_104,50,91
2025-02-04 07:00:00,INT_101,47,65
2025-02-04 07:00:00,INT_102,63,61
2025-02-04 07:00:00,INT_103,86,62
2025-02-04 07:00:00,INT_104,30,94
2025-02-04 08:00:00,INT_101,78,67
2025-02-04 08:00:00,INT_102,78,79
2025-02-04 08:00:00,INT_103,88,44
2025-02-04 08:00:00,INT_104,64,116
2025-02-04 09:00:00,INT_101,74,115
2025-02-04 09:00:00,INT_102,50,75
2025-02-04 09:00:00,INT_103,53,42
2025-02-04 09:00:00,INT_104,87,48
2025-02-04 10:00:00,INT_101,48,93
2025-02-04 10:00:00,INT_102,83,40
2025-02-04 10:00:00,INT_103,81,99
2025-02-04 10:00:00,INT_104,44,56
2025-02-04 11:00:00,INT_101,76,33
2025-02-04 11:00:00,INT_102,37,48
2025-02-04 11:00:00,INT_103,51,115
2025-02-04 11:00:00,INT_104,31,70
2025-02-04 12:00:00,INT_101,30,44
2025-02-04 12:00:00,INT_102,65,64
2025-02-04 12:00:00,INT_103,59,104
2025-02-04 12:00:00,INT_104,45,95
2025-02-04 13:00:00,INT_101,31,119
2025-02-04 13:00:00,INT_102,43,84
2025-02-04 13:00:00,INT_103,82,42
2025-02-04 13:00:00,INT_104,39,101
2025-02-04 14:00:00,INT_101,82,53
2025-02-04 14:00:00,INT_102,41,60
2025-02-04 14:00:00,INT_103,61,115
2025-02-04 14:00:00,INT_104,48,38
2025-02-04 15:00:00,INT_101,78,99
2025-02-04 15:00:00,INT_102,62,89
2025-02-04 15:00:00,INT_103,42,62
2025-02-04 15:00:00,INT_104,66,71
2025-02-04 16:00:00,INT_101,77,47
2025-02-04 16:00:00,INT_102,66,42
2025-02-04 16:00:00,INT_103,51,116
2025-02-04 16:00:00,INT_104,57,99
2025-02-04 17:00:00,INT_101,64,42
2025-02-04 17:00:00,INT_102,66,53
2025-02-04 17:00:00,INT_103,87,89
2025-02-04 17:00:00,INT_104,41,56
2025-02-04 18:00:00,INT_101,61,54
2025-02-04 18:00:00,INT_102,76,80
2025-02-04 18:00:00,INT_103,33,96
2025-02-04 18:00:00,INT_104,33,119
2025-02-04 19:00:00,INT_101,55,100
2025-02-04 19:00:00,INT_102,69,97
2025-02-04 19:00:00,INT_103,89,86
2025-02-04 19:00:00,INT_104,79,67
2025-02-04 20:00:00,INT_101,67,91
2025-02-04 20:00:00,INT_102,59,35
2025-02-04 20:00:00,INT_103,57,99
2025-02-04 20:00:00,INT_104,86,105
2025-02-04 21:00:00,INT_101,55,35
2025-02-04 21:00:00,INT_102,76,94
2025-02-04 21:00:00,INT_103,65,57
2025-02-04 21:00:00,INT_104,37,77
2025-02-04 22:00:00,INT_101,39,38
2025-02-04 22:00:00,INT_102,49,64
2025-02-04 22:00:00,INT_103,47,97
2025-02-04 22:00:00,INT_104,34,94
2025-02-04 23:00:00,INT_101,40,85
2025-02-04 23:00:00,INT_102,76,100
2025-02-04 23:00:00,INT_103,37,70
2025-02-04 23:00:00,INT_104,87,44
2025-02-05 00:00:00,INT_101,53,33
2025-02-05 00:00:00,INT_102,34,82
2025-02-05 00:00:00,INT_103,32,80
2025-02-05 00:00:00,INT_104,70,98
2025-02-05 01:00:00,INT_101,80,107
2025-02-05 01:00:00,INT_102,37,45
2025-02-05 01:00:00,INT_103,38,110
2025-02-05 01:00:00,INT_104,67,94
2025-02-05 02:00:00,INT_101,87,68
2025-02-05 02:00:00,INT_102,82,32
2025-02-05 02:00:00,INT_103,46,96
2025-02-05 02:00:00,INT_104,43,87
2025-02-05 03:00:00,INT_101,35,78
2025-02-05 03:00:00,INT_102,77,93
2025-02-05 03:00:00,INT_103,60,97
2025-02-05 03:00:00,INT_104,43,85
2025-02-05 04:00:00,INT_101,41,82
2025-02-05 04:00:00,INT_102,43,98
2025-02-05 04:00:00,INT_103,34,95
2025-02-05 04:00:00,INT_104,52,43
2025-02-05 05:00:00,INT_101,39,46
2025-02-05 05:00:00,INT_102,78,105
2025-02-05 05:00:00,INT_103,53,103
2025-02-05 05:00:00,INT_104,49,48
2025-02-05 06:00:00,INT_101,62,77
2025-02-05 06:00:00,INT_102,82,108
2025-02-05 06:00:00,INT_103,59,54
2025-02-05 06:00:00,INT_104,48,30
2025-02-05 07:00:00,INT_101,39,56
2025-02-05 07:00:00,INT_102,44,33
2025-02-05 07:00:00,INT_103,71,79
2025-02-05 07:00:00,INT_104,76,92
2025-02-05 08:00:00,INT_101,45,111
2025-02-05 08:00:00,INT_102,42,75
2025-02-05 08:00:00,INT_103,90,35
2025-02-05 08:00:00,INT_104,88,89
2025-02-05 09:00:00,INT_101,51,40
2025-02-05 09:00:00,INT_102,53,97
2025-02-05 09:00:00,INT_103,67,67
2025-02-05 09:00:00,INT_104,48,64
2025-02-05 10:00:00,INT_101,87,81
2025-02-05 10:00:00,INT_102,75,78
2025-02-05 10:00:00,INT_103,80,64
2025-02-05 10:00:00,INT_104,45,96
2025-02-05 11:00:00,INT_101,77,52
2025-02-05 11:00:00,INT_102,59,110
2025-02-05 11:00:00,INT_103,80,65
2025-02-05 11:00:00,INT_104,48,44
2025-02-05 12:00:00,INT_101,69,76
2025-02-05 12:00:00,INT_102,58,77
2025-02-05 12:00:00,INT_103,42,98
2025-02-05 12:00:00,INT_104,88,32
2025-02-05 13:00:00,INT_101,30,115
2025-02-05 13:00:00,INT_102,48,48
2025-02-05 13:00:00,INT_103,69,47
2025-02-05 13:00:00,INT_104,86,65
2025-02-05 14:00:00,INT_101,43,93
2025-02-05 14:00:00,INT_102,60,120
2025-02-05 14:00:00,INT_103,38,87
2025-02-05 14:00:00,INT_104,66,112
2025-02-05 15:00:00,INT_101,58,87
2025-02-05 15:00:00,INT_102,66,115
2025-02-05 15:00:00,INT_103,69,88
2025-02-05 15:00:00,INT_104,40,108
2025-02-05 16:00:00,INT_101,61,91
2025-02-05 16:00:00,INT_102,87,42
2025-02-05 16:00:00,INT_103,61,52
2025-02-05 16:00:00,INT_104,51,99
2025-02-05 17:00:00,INT_101,54,85
2025-02-05 17:00:00,INT_102,37,104
2025-02-05 17:00:00,INT_103,42,64
2025-02-05 17:00:00,INT_104,64,115
2025-02-05 18:00:00,INT_101,45,98
2025-02-05 18:00:00,INT_102,49,77
2025-02-05 18:00:00,INT_103,80,50
2025-02-05 18:00:00,INT_104,84,83
2025-02-05 19:00:00,INT_101,70,83
2025-02-05 19:00:00,INT_102,51,76
2025-02-05 19:00:00,INT_103,49,67
2025-02-05 19:00:00,INT_104,65,83
2025-02-05 20:00:00,INT_101,49,84
2025-02-05 20:00:00,INT_102,53,102
2025-02-05 20:00:00,INT_103,68,82
2025-02-05 20:00:00,INT_104,73,87
2025-02-05 21:00:00,INT_101,69,40
2025-02-05 21:00:00,INT_102,78,65
2025-02-05 21:00:00,INT_103,67,117
2025-02-05 21:00:00,INT_104,61,91
2025-02-05 22:00:00,INT_101,77,89
2025-02-05 22:00:00,INT_102,71,82
2025-02-05 22:00:00,INT_103,69,46
2025-02-05 22:00:00,INT_104,56,114
2025-02-05 23:00:00,INT_101,36,77
2025-02-05 23:00:00,INT_102,42,110
2025-02-05 23:00:00,INT_103,83,33
2025-02-05 23:00:00,INT_104,32,57
2025-02-06 00:00:00,INT_101,84,101
2025-02-06 00:00:00,INT_102,58,98
2025-02-06 00:00:00,INT_103,68,51
2025-02-06 00:00:00,INT_104,46,83
2025-02-06 01:00:00,INT_101,56,52
2025-02-06 01:00:00,INT_102,78,57
2025-02-06 01:00:00,INT_103,68,42
2025-02-06 01:00:00,INT_104,69,112
2025-02-06 02:00:00,INT_101,81,59
2025-02-06 02:00:00,INT_102,44,41
2025-02-06 02:00:00,INT_103,30,71
2025-02-06 02:00:00,INT_104,58,114
2025-02-06 03:00:00,INT_101,70,78
2025-02-06 03:00:00,INT_102,48,57
2025-02-06 03:00:00,INT_103,66,97
2025-02-06 03:00:00,INT_104,46,89
2025-02-06 04:00:00,INT_101,69,92
2025-02-06 04:00:00,INT_102,60,117
2025-02-06 04:00:00,INT_103,48,96
2025-02-06 04:00:00,INT_104,76,63
2025-02-06 05:00:00,INT_101,77,30
2025-02-06 05:00:00,INT_102,90,67
2025-02-06 05:00:00,INT_103,53,34
2025-02-06 05:00:00,INT_104,50,115
2025-02-06 06:00:00,INT_101,37,104
2025-02-06 06:00:00,INT_102,74,98
2025-02-06 06:00:00,INT_103,57,105
2025-02-06 06:00:00,INT_104,57,102
2025-02-06 07:00:00,INT_101,66,30
2025-02-06 07:00:00,INT_102,74,109
2025-02-06 07:00:00,INT_103,75,43
2025-02-06 07:00:00,INT_104,82,64
2025-02-06 08:00:00,INT_101,55,49
2025-02-06 08:00:00,INT_102,36,73
2025-02-06 08:00:00,INT_103,65,64
2025-02-06 08:00:00,INT_104,72,79
2025-02-06 09:00:00,INT_101,76,97
2025-02-06 09:00:00,INT_102,32,37
2025-02-06 09:00:00,INT_103,64,59
2025-02-06 09:00:00,INT_104,72,74
2025-02-06 10:00:00,INT_101,71,47
2025-02-06 10:00:00,INT_102,85,92
2025-02-06 10:00:00,INT_103,51,99
2025-02-06 10:00:00,INT_104,71,32
2025-02-06 11:00:00,INT_101,81,116
2025-02-06 11:00:00,INT_102,43,87
2025-02-06 11:00:00,INT_103,39,104
2025-02-06 11:00:00,INT_104,40,45
2025-02-06 12:00:00,INT_101,73,76
2025-02-06 12:00:00,INT_102,55,88
2025-02-06 12:00:00,INT_103,69,41
2025-02-06 12:00:00,INT_104,37,98
2025-02-06 13:00:00,INT_101,52,45
2025-02-06 13:00:00,INT_102,44,76
2025-02-06 13:00:00,INT_103,81,58
2025-02-06 13:00:00,INT_104,34,83
2025-02-06 14:00:00,INT_101,58,51
2025-02-06 14:00:00,INT_102,81,108
2025-02-06 14:00:00,INT_103,40,66
2025-02-06 14:00:00,INT_104,64,86
2025-02-06 15:00:00,INT_101,53,46
2025-02-06 15:00:00,INT_102,40,114
2025-02-06 15:00:00,INT_103,73,48
2025-02-06 15:00:00,INT_104,31,78
2025-02-06 16:00:00,INT_101,90,39
2025-02-06 16:00:00,INT_102,66,109
2025-02-06 16:00:00,INT_103,41,69
2025-02-06 16:00:00,INT_104,83,56
2025-02-06 17:00:00,INT_101,68,53
2025-02-06 17:00:00,INT_102,51,99
2025-02-06 17:00:00,INT_103,62,74
2025-02-06 17:00:00,INT_104,43,107
2025-02-06 18:00:00,INT_101,73,46
2025-02-06 18:00:00,INT_102,88,107
2025-02-06 18:00:00,INT_103,88,113
2025-02-06 18:00:00,INT_104,89,120
2025-02-06 19:00:00,INT_101,55,45
2025-02-06 19:00:00,INT_102,58,80
2025-02-06 19:00:00,INT_103,68,33
2025-02-06 19:00:00,INT_104,74,115
2025-02-06 20:00:00,INT_101,52,72
2025-02-06 20:00:00,INT_102,40,55
2025-02-06 20:00:00,INT_103,81,71
2025-02-06 20:00:00,INT_104,80,66
2025-02-06 21:00:00,INT_101,86,33
2025-02-06 21:00:00,INT_102,52,74
2025-02-06 21:00:00,INT_103,43,64
2025-02-06 21:00:00,INT_104,76,82
2025-02-06 22:00:00,INT_101,70,103
2025-02-06 22:00:00,INT_102,30,82
2025-02-06 22:00:00,INT_103,90,64
2025-02-06 22:00:00,INT_104,61,107
2025-02-06 23:00:00,INT_101,68,77
2025-02-06 23:00:00,INT_102,31,41
2025-02-06 23:00:00,INT_103,37,53
2025-02-06 23:00:00,INT_104,62,103
2025-02-07 00:00:00,INT_101,82,44
2025-02-07 00:00:00,INT_102,87,62
2025-02-07 00:00:00,INT_103,63,117
2025-02-07 00:00:00,INT_104,84,45
2025-02-07 01:00:00,INT_101,87,74
2025-02-07 01:00:00,INT_102,88,68
2025-02-07 01:00:00,INT_103,58,108
2025-02-07 01:00:00,INT_104,76,33
2025-02-07 02:00:00,INT_101,51,53
2025-02-07 02:00:00,INT_102,78,118
2025-02-07 02:00:00,INT_103,54,47
2025-02-07 02:00:00,INT_104,57,80
2025-02-07 03:00:00,INT_101,33,75
2025-02-07 03:00:00,INT_102,34,54
2025-02-07 03:00:00,INT_103,76,92
2025-02-07 03:00:00,INT_104,68,82
2025-02-07 04:00:00,INT_101,85,48
2025-02-07 04:00:00,INT_102,88,81
2025-02-07 04:00:00,INT_103,45,67
2025-02-07 04:00:00,INT_104,73,84
2025-02-07 05:00:00,INT_101,59,106
2025-02-07 05:00:00,INT_102,74,73
2025-02-07 05:00:00,INT_103,49,120
2025-02-07 05:00:00,INT_104,77,74
2025-02-07 06:00:00,INT_101,70,95
2025-02-07 06:00:00,INT_102,69,32
2025-02-07 06:00:00,INT_103,90,117
2025-02-07 06:00:00,INT_104,63,48
2025-02-07 07:00:00,INT_101,45,84
2025-02-07 07:00:00,INT_102,70,77
2025-02-07 07:00:00,INT_103,90,102
2025-02-07 07:00:00,INT_104,46,45
2025-02-07 08:00:00,INT_101,58,42
2025-02-07 08:00:00,INT_102,38,40
2025-02-07 08:00:00,INT_103,39,102
2025-02-07 08:00:00,INT_104,43,119
2025-02-07 09:00:00,INT_101,31,54
2025-02-07 09:00:00,INT_102,83,113
2025-02-07 09:00:00,INT_103,45,117
2025-02-07 09:00:00,INT_104,48,36
2025-02-07 10:00:00,INT_101,48,71
2025-02-07 10:00:00,INT_102,35,53
2025-02-07 10:00:00,INT_103,40,55
2025-02-07 10:00:00,INT_104,83,85
2025-02-07 11:00:00,INT_101,83,97
2025-02-07 11:00:00,INT_102,52,70
2025-02-07 11:00:00,INT_103,88,110
2025-02-07 11:00:00,INT_104,90,90
2025-02-07 12:00:00,INT_101,43,108
2025-02-07 12:00:00,INT_102,76,106
2025-02-07 12:00:00,INT_103,44,107
2025-02-07 12:00:00,INT_104,90,54
2025-02-07 13:00:00,INT_101,50,90
2025-02-07 13:00:00,INT_102,46,109
2025-02-07 13:00:00,INT_103,68,118
2025-02-07 13:00:00,INT_104,38,115
2025-02-07 14:00:00,INT_101,62,30
2025-02-07 14:00:00,INT_102,57,84
2025-02-07 14:00:00,INT_103,47,83
2025-02-07 14:00:00,INT_104,52,83
2025-02-07 15:00:00,INT_101,71,36
2025-02-07 15:00:00,INT_102,43,38
2025-02-07 15:00:00,INT_103,53,56
2025-02-07 15:00:00,INT_104,84,89
2025-02-07 16:00:00,INT_101,70,71
2025-02-07 16:00:00,INT_102,43,116
2025-02-07 16:00:00,INT_103,73,64
2025-02-07 16:00:00,INT_104,45,90
2025-02-07 17:00:00,INT_101,88,52
2025-02-07 17:00:00,INT_102,46,41
2025-02-07 17:00:00,INT_103,47,35
2025-02-07 17:00:00,INT_104,74,84
2025-02-07 18:00:00,INT_101,84,109
2025-02-07 18:00:00,INT_102,52,100
2025-02-07 18:00:00,INT_103,61,35
2025-02-07 18:00:00,INT_104,46,103
2025-02-07 19:00:00,INT_101,75,88
2025-02-07 19:00:00,INT_102,51,92
2025-02-07 19:00:00,INT_103,53,69
2025-02-07 19:00:00,INT_104,53,38
2025-02-07 20:00:00,INT_101,50,50
2025-02-07 20:00:00,INT_102,49,74
2025-02-07 20:00:00,INT_103,49,76
2025-02-07 20:00:00,INT_104,48,119
2025-02-07 21:00:00,INT_101,82,32
2025-02-07 21:00:00,INT_102,32,78
2025-02-07 21:00:00,INT_103,75,45
2025-02-07 21:00:00,INT_104,68,35
2025-02-07 22:00:00,INT_101,36,62
2025-02-07 22:00:00,INT_102,59,78
2025-02-07 22:00:00,INT_103,55,50
2025-02-07 22:00:00,INT_104,88,75
2025-02-07 23:00:00,INT_101,63,73
2025-02-07 23:00:00,INT_102,80,100
2025-02-07 23:00:00,INT_103,44,93
2025-02-07 23:00:00,INT_104,37,50
2025-02-08 00:00:00,INT_101,84,43
2025-02-08 00:00:00,INT_102,46,46
2025-02-08 00:00:00,INT_103,86,33
2025-02-08 00:00:00,INT_104,90,80
2025-02-08 01:00:00,INT_101,50,113
2025-02-08 01:00:00,INT_102,79,114
2025-02-08 01:00:00,INT_103,38,30
2025-02-08 01:00:00,INT_104,80,39
2025-02-08 02:00:00,INT_101,62,88
2025-02-08 02:00:00,INT_102,71,61
2025-02-08 02:00:00,INT_103,36,62
2025-02-08 02:00:00,INT_104,79,47
2025-02-08 03:00:00,INT_101,81,78
2025-02-08 03:00:00,INT_102,66,48
2025-02-08 03:00:00,INT_103,86,37
2025-02-08 03:00:00,INT_104,32,119
2025-02-08 04:00:00,INT_101,47,106
2025-02-08 04:00:00,INT_102,41,45
2025-02-08 04:00:00,INT_103,40,103
2025-02-08 04:00:00,INT_104,36,69
2025-02-08 05:00:00,INT_101,33,40
2025-02-08 05:00:00,INT_102,42,52
2025-02-08 05:00:00,INT_103,62,38
2025-02-08 05:00:00,INT_104,75,106
2025-02-08 06:00:00,INT_101,82,62
2025-02-08 06:00:00,INT_102,58,112
2025-02-08 06:00:00,INT_103,63,65
2025-02-08 06:00:00,INT_104,86,107
2025-02-08 07:00:00,INT_101,34,30
2025-02-08 07:00:00,INT_102,71,68
2025-02-08 07:00:00,INT_103,33,100
2025-02-08 07:00:00,INT_104,77,80
2025-02-08 08:00:00,INT_101,56,97
2025-02-08 08:00:00,INT_102,79,78
2025-02-08 08:00:00,INT_103,46,66
2025-02-08 08:00:00,INT_104,81,48
2025-02-08 09:00:00,INT_101,39,71
2025-02-08 09:00:00,INT_102,80,50
2025-02-08 09:00:00,INT_103,67,72
2025-02-08 09:00:00,INT_104,58,72
2025-02-08 10:00:00,INT_101,45,85
2025-02-08 10:00:00,INT_102,50,47
2025-02-08 10:00:00,INT_103,69,96
2025-02-08 10:00:00,INT_104,77,116
2025-02-08 11:00:00,INT_101,48,112
2025-02-08 11:00:00,INT_102,65,48
2025-02-08 11:00:00,INT_103,67,54
2025-02-08 11:00:00,INT_104,43,98
2025-02-08 12:00:00,INT_101,44,61
2025-02-08 12:00:00,INT_102,48,105
2025-02-08 12:00:00,INT_103,61,91
2025-02-08 12:00:00,INT_104,88,68
2025-02-08 13:00:00,INT_101,65,47
2025-02-08 13:00:00,INT_102,80,64
2025-02-08 13:00:00,INT_103,57,105
2025-02-08 13:00:00,INT_104,84,97
2025-02-08 14:00:00,INT_101,31,103
2025-02-08 14:00:00,INT_102,68,63
2025-02-08 14:00:00,INT_103,43,99
2025-02-08 14:00:00,INT_104,85,95
2025-02-08 15:00:00,INT_101,39,38
2025-02-08 15:00:00,INT_102,69,77
2025-02-08 15:00:00,INT_103,43,42
2025-02-08 15:00:00,INT_104,86,106
2025-02-08 16:00:00,INT_101,84,96
2025-02-08 16:00:00,INT_102,41,42
2025-02-08 16:00:00,INT_103,32,34
2025-02-08 16:00:00,INT_104,32,101
2025-02-08 17:00:00,INT_101,41,100
2025-02-08 17:00:00,INT_102,51,113
2025-02-08 17:00:00,INT_103,76,34
2025-02-08 17:00:00,INT_104,71,77
2025-02-08 18:00:00,INT_101,34,82
2025-02-08 18:00:00,INT_102,36,71
2025-02-08 18:00:00,INT_103,58,83
2025-02-08 18:00:00,INT_104,60,75
2025-02-08 19:00:00,INT_101,57,30
2025-02-08 19:00:00,INT_102,39,98
2025-02-08 19:00:00,INT_103,77,78
2025-02-08 19:00:00,INT_104,44,45
2025-02-08 20:00:00,INT_101,84,50
2025-02-08 20:00:00,INT_102,54,40
2025-02-08 20:00:00,INT_103,83,92
2025-02-08 20:00:00,INT_104,58,38
2025-02-08 21:00:00,INT_101,83,66
2025-02-08 21:00:00,INT_102,62,102
2025-02-08 21:00:00,INT_103,58,34
2025-02-08 21:00:00,INT_104,38,56
2025-02-08 22:00:00,INT_101,31,87
2025-02-08 22:00:00,INT_102,77,113
2025-02-08 22:00:00,INT_103,76,32
2025-02-08 22:00:00,INT_104,30,53
2025-02-08 23:00:00,INT_101,45,44
2025-02-08 23:00:00,INT_102,64,42
2025-02-08 23:00:00,INT_103,36,78
2025-02-08 23:00:00,INT_104,65,61
2025-02-09 00:00:00,INT_101,86,84
2025-02-09 00:00:00,INT_102,82,65
2025-02-09 00:00:00,INT_103,31,50
2025-02-09 00:00:00,INT_104,80,102
2025-02-09 01:00:00,INT_101,62,87
2025-02-09 01:00:00,INT_102,66,111
2025-02-09 01:00:00,INT_103,46,61
2025-02-09 01:00:00,INT_104,86,58
2025-02-09 02:00:00,INT_101,86,78
2025-02-09 02:00:00,INT_102,67,74
2025-02-09 02:00:00,INT_103,62,81
2025-02-09 02:00:00,INT_104,41,58
2025-02-09 03:00:00,INT_101,42,73
2025-02-09 03:00:00,INT_102,60,76
2025-02-09 03:00:00,INT_103,85,72
2025-02-09 03:00:00,INT_104,32,42
2025-02-09 04:00:00,INT_101,78,71
2025-02-09 04:00:00,INT_102,73,51
2025-02-09 04:00:00,INT_103,63,86
2025-02-09 04:00:00,INT_104,56,91
2025-02-09 05:00:00,INT_101,66,112
2025-02-09 05:00:00,INT_102,78,55
2025-02-09 05:00:00,INT_103,47,59
2025-02-09 05:00:00,INT_104,31,35
2025-02-09 06:00:00,INT_101,39,46
2025-02-09 06:00:00,INT_102,68,41
2025-02-09 06:00:00,INT_103,42,114
2025-02-09 06:00:00,INT_104,42,80
2025-02-09 07:00:00,INT_101,47,102
2025-02-09 07:00:00,INT_102,58,111
2025-02-09 07:00:00,INT_103,51,40
2025-02-09 07:00:00,INT_104,71,72
2025-02-09 08:00:00,INT_101,60,55
2025-02-09 08:00:00,INT_102,67,116
2025-02-09 08:00:00,INT_103,73,57
2025-02-09 08:00:00,INT_104,59,98
2025-02-09 09:00:00,INT_101,59,75
2025-02-09 09:00:00,INT_102,50,87
2025-02-09 09:00:00,INT_103,31,61
2025-02-09 09:00:00,INT_104,48,41
2025-02-09 10:00:00,INT_101,68,106
2025-02-09 10:00:00,INT_102,53,79
2025-02-09 10:00:00,INT_103,73,38
2025-02-09 10:00:00,INT_104,39,53
2025-02-09 11:00:00,INT_101,58,52
2025-02-09 11:00:00,INT_102,72,110
2025-02-09 11:00:00,INT_103,47,52
2025-02-09 11:00:00,INT_104,83,46
2025-02-09 12:00:00,INT_101,39,103
2025-02-09 12:00:00,INT_102,78,109
2025-02-09 12:00:00,INT_103,50,79
2025-02-09 12:00:00,INT_104,54,95
2025-02-09 13:00:00,INT_101,84,30
2025-02-09 13:00:00,INT_102,87,60
2025-02-09 13:00:00,INT_103,87,53
2025-02-09 13:00:00,INT_104,89,93
2025-02-09 14:00:00,INT_101,72,92
2025-02-09 14:00:00,INT_102,44,60
2025-02-09 14:00:00,INT_103,51,79
2025-02-09 14:00:00,INT_104,37,58
2025-02-09 15:00:00,INT_101,38,40
2025-02-09 15:00:00,INT_102,51,50
2025-02-09 15:00:00,INT_103,43,101
2025-02-09 15:00:00,INT_104,72,35
2025-02-09 16:00:00,INT_101,52,58
2025-02-09 16:00:00,INT_102,63,69
2025-02-09 16:00:00,INT_103,86,57
2025-02-09 16:00:00,INT_104,57,53
2025-02-09 17:00:00,INT_101,76,55
2025-02-09 17:00:00,INT_102,43,82
2025-02-09 17:00:00,INT_103,71,49
2025-02-09 17:00:00,INT_104,63,48
2025-02-09 18:00:00,INT_101,73,54
2025-02-09 18:00:00,INT_102,57,114
2025-02-09 18:00:00,INT_103,41,83
2025-02-09 18:00:00,INT_104,58,103
2025-02-09 19:00:00,INT_101,69,48
2025-02-09 19:00:00,INT_102,37,86
2025-02-09 19:00:00,INT_103,63,75
2025-02-09 19:00:00,INT_104,66,120
2025-02-09 20:00:00,INT_101,58,38
2025-02-09 20:00:00,INT_102,35,42
2025-02-09 20:00:00,INT_103,54,78
2025-02-09 20:00:00,INT_104,68,85
2025-02-09 21:00:00,INT_101,42,81
2025-02-09 21:00:00,INT_102,40,85
2025-02-09 21:00:00,INT_103,84,91
2025-02-09 21:00:00,INT_104,46,31
2025-02-09 22:00:00,INT_101,44,62
2025-02-09 22:00:00,INT_102,77,83
2025-02-09 22:00:00,INT_103,67,96
2025-02-09 22:00:00,INT_104,46,71
2025-02-09 23:00:00,INT_101,90,93
2025-02-09 23:00:00,INT_102,55,60
2025-02-09 23:00:00,INT_103,41,118
2025-02-09 23:00:00,INT_104,86,91
2025-02-10 00:00:00,INT_101,60,39
2025-02-10 00:00:00,INT_102,38,87
2025-02-10 00:00:00,INT_103,79,63
2025-02-10 00:00:00,INT_104,36,118
2025-02-10 01:00:00,INT_101,74,120
2025-02-10 01:00:00,INT_102,67,99
2025-02-10 01:00:00,INT_103,48,96
2025-02-10 01:00:00,INT_104,47,81
2025-02-10 02:00:00,INT_101,75,84
2025-02-10 02:00:00,INT_102,71,110
2025-02-10 02:00:00,INT_103,57,86
2025-02-10 02:00:00,INT_104,63,100
2025-02-10 03:00:00,INT_101,86,104
2025-02-10 03:00:00,INT_102,66,110
2025-02-10 03:00:00,INT_103,70,104
2025-02-10 03:00:00,INT_104,48,97
2025-02-10 04:00:00,INT_101,80,35
2025-02-10 04:00:00,INT_102,81,96
2025-02-10 04:00:00,INT_103,84,115
2025-02-10 04:00:00,INT_104,54,55
2025-02-10 05:00:00,INT_101,49,58
2025-02-10 05:00:00,INT_102,75,120
2025-02-10 05:00:00,INT_103,32,92
2025-02-10 05:00:00,INT_104,50,86
2025-02-10 06:00:00,INT_101,56,87
2025-02-10 06:00:00,INT_102,54,108
2025-02-10 06:00:00,INT_103,71,94
2025-02-10 06:00:00,INT_104,68,100
2025-02-10 07:00:00,INT_101,60,84
2025-02-10 07:00:00,INT_102,35,96
2025-02-10 07:00:00,INT_103,86,79
2025-02-10 07:00:00,INT_104,49,72
2025-02-10 08:00:00,INT_101,31,114
2025-02-10 08:00:00,INT_102,59,53
2025-02-10 08:00:00,INT_103,55,95
2025-02-10 08:00:00,INT_104,66,110
2025-02-10 09:00:00,INT_101,43,105
2025-02-10 09:00:00,INT_102,87,31
2025-02-10 09:00:00,INT_103,75,78
2025-02-10 09:00:00,INT_104,38,51
2025-02-10 10:00:00,INT_101,76,36
2025-02-10 10:00:00,INT_102,90,110
2025-02-10 10:00:00,INT_103,76,49
2025-02-10 10:00:00,INT_104,90,117
2025-02-10 11:00:00,INT_101,90,39
2025-02-10 11:00:00,INT_102,52,54
2025-02-10 11:00:00,INT_103,66,60
2025-02-10 11:00:00,INT_104,50,57
2025-02-10 12:00:00,INT_101,66,58
2025-02-10 12:00:00,INT_102,44,33
2025-02-10 12:00:00,INT_103,39,83
2025-02-10 12:00:00,INT_104,52,46
2025-02-10 13:00:00,INT_101,88,93
2025-02-10 13:00:00,INT_102,34,99
2025-02-10 13:00:00,INT_103,52,105
2025-02-10 13:00:00,INT_104,41,30
2025-02-10 14:00:00,INT_101,75,98
2025-02-10 14:00:00,INT_102,90,99
2025-02-10 14:00:00,INT_103,69,104
2025-02-10 14:00:00,INT_104,42,118
2025-02-10 15:00:00,INT_101,50,61
2025-02-10 15:00:00,INT_102,69,57
2025-02-10 15:00:00,INT_103,70,96
2025-02-10 15:00:00,INT_104,69,71
2025-02-10 16:00:00,INT_101,37,32
2025-02-10 16:00:00,INT_102,59,50
2025-02-10 16:00:00,INT_103,73,69
2025-02-10 16:00:00,INT_104,90,102
2025-02-10 17:00:00,INT_101,87,48
2025-02-10 17:00:00,INT_102,42,87
2025-02-10 17:00:00,INT_103,42,91
2025-02-10 17:00:00,INT_104,72,78
2025-02-10 18:00:00,INT_101,43,74
2025-02-10 18:00:00,INT_102,83,73
2025-02-10 18:00:00,INT_103,75,102
2025-02-10 18:00:00,INT_104,81,90
2025-02-10 19:00:00,INT_101,32,39
2025-02-10 19:00:00,INT_102,86,44
2025-02-10 19:00:00,INT_103,52,114
2025-02-10 19:00:00,INT_104,47,92
2025-02-10 20:00:00,INT_101,33,62
2025-02-10 20:00:00,INT_102,47,92
2025-02-10 20:00:00,INT_103,54,78
2025-02-10 20:00:00,INT_104,48,52
2025-02-10 21:00:00,INT_101,55,87
2025-02-10 21:00:00,INT_102,37,63
2025-02-10 21:00:00,INT_103,61,108
2025-02-10 21:00:00,INT_104,51,44
2025-02-10 22:00:00,INT_101,66,111
2025-02-10 22:00:00,INT_102,90,68
2025-02-10 22:00:00,INT_103,66,85
2025-02-10 22:00:00,INT_104,74,90
2025-02-10 23:00:00,INT_101,51,86
2025-02-10 23:00:00,INT_102,68,52
2025-02-10 23:00:00,INT_103,81,63
2025-02-10 23:00:00,INT_104,62,61
2025-02-11 00:00:00,INT_101,43,48
2025-02-11 00:00:00,INT_102,55,111
2025-02-11 00:00:00,INT_103,53,42
2025-02-11 00:00:00,INT_104,74,57
2025-02-11 01:00:00,INT_101,33,103
2025-02-11 01:00:00,INT_102,37,56
2025-02-11 01:00:00,INT_103,70,66
2025-02-11 01:00:00,INT_104,70,112
2025-02-11 02:00:00,INT_101,53,52
2025-02-11 02:00:00,INT_102,86,46
2025-02-11 02:00:00,INT_103,53,102
2025-02-11 02:00:00,INT_104,68,39
2025-02-11 03:00:00,INT_101,87,118
2025-02-11 03:00:00,INT_102,55,94
2025-02-11 03:00:00,INT_103,40,104
2025-02-11 03:00:00,INT_104,43,76
2025-02-11 04:00:00,INT_101,50,89
2025-02-11 04:00:00,INT_102,70,59
2025-02-11 04:00:00,INT_103,53,35
2025-02-11 04:00:00,INT_104,31,102
2025-02-11 05:00:00,INT_101,79,66
2025-02-11 05:00:00,INT_102,53,102
2025-02-11 05:00:00,INT_103,56,115
2025-02-11 05:00:00,INT_104,70,82
2025-02-11 06:00:00,INT_101,84,46
2025-02-11 06:00:00,INT_102,80,56
2025-02-11 06:00:00,INT_103,65,48
2025-02-11 06:00:00,INT_104,66,95
2025-02-11 07:00:00,INT_101,31,101
2025-02-11 07:00:00,INT_102,48,36
2025-02-11 07:00:00,INT_103,79,104
2025-02-11 07:00:00,INT_104,77,76
2025-02-11 08:00:00,INT_101,41,52
2025-02-11 08:00:00,INT_102,53,84
2025-02-11 08:00:00,INT_103,48,50
2025-02-11 08:00:00,INT_104,44,98
2025-02-11 09:00:00,INT_101,39,76
2025-02-11 09:00:00,INT_102,30,32
2025-02-11 09:00:00,INT_103,62,51
2025-02-11 09:00:00,INT_104,60,114
2025-02-11 10:00:00,INT_101,84,89
2025-02-11 10:00:00,INT_102,67,41
2025-02-11 10:00:00,INT_103,75,106
2025-02-11 10:00:00,INT_104,48,116
2025-02-11 11:00:00,INT_101,52,59
2025-02-11 11:00:00,INT_102,90,101
2025-02-11 11:00:00,INT_103,68,83
2025-02-11 11:00:00,INT_104,85,119
2025-02-11 12:00:00,INT_101,32,119
2025-02-11 12:00:00,INT_102,62,53
2025-02-11 12:00:00,INT_103,51,104
2025-02-11 12:00:00,INT_104,66,38
2025-02-11 13:00:00,INT_101,58,99
2025-02-11 13:00:00,INT_102,47,55
2025-02-11 13:00:00,INT_103,56,74
2025-02-11 13:00:00,INT_104,36,62
2025-02-11 14:00:00,INT_101,89,115
2025-02-11 14:00:00,INT_102,33,120
2025-02-11 14:00:00,INT_103,51,38
2025-02-11 14:00:00,INT_104,90,62
2025-02-11 15:00:00,INT_101,47,94
2025-02-11 15:00:00,INT_102,47,86
2025-02-11 15:00:00,INT_103,61,67
2025-02-11 15:00:00,INT_104,32,62
2025-02-11 16:00:00,INT_101,68,120
2025-02-11 16:00:00,INT_102,74,90
2025-02-11 16:00:00,INT_103,46,116
2025-02-11 16:00:00,INT_104,37,88
2025-02-11 17:00:00,INT_101,52,117
2025-02-11 17:00:00,INT_102,39,45
2025-02-11 17:00:00,INT_103,62,58
2025-02-11 17:00:00,INT_104,32,59
2025-02-11 18:00:00,INT_101,86,48
2025-02-11 18:00:00,INT_102,62,113
2025-02-11 18:00:00,INT_103,48,76
2025-02-11 18:00:00,INT_104,75,83
2025-02-11 19:00:00,INT_101,80,79
2025-02-11 19:00:00,INT_102,84,104
2025-02-11 19:00:00,INT_103,82,114
2025-02-11 19:00:00,INT_104,60,80
2025-02-11 20:00:00,INT_101,30,65
2025-02-11 20:00:00,INT_102,90,75
2025-02-11 20:00:00,INT_103,37,42
2025-02-11 20:00:00,INT_104,84,86
2025-02-11 21:00:00,INT_101,34,64
2025-02-11 21:00:00,INT_102,31,99
2025-02-11 21:00:00,INT_103,48,75
2025-02-11 21:00:00,INT_104,81,57
2025-02-11 22:00:00,INT_101,66,60
2025-02-11 22:00:00,INT_102,66,88
2025-02-11 22:00:00,INT_103,71,83
2025-02-11 22:00:00,INT_104,67,92
2025-02-11 23:00:00,INT_101,70,91
2025-02-11 23:00:00,INT_102,80,83
2025-02-11 23:00:00,INT_103,44,89
2025-02-11 23:00:00,INT_104,70,109
2025-02-12 00:00:00,INT_101,79,47
2025-02-12 00:00:00,INT_102,44,81
2025-02-12 00:00:00,INT_103,53,60
2025-02-12 00:00:00,INT_104,77,56
2025-02-12 01:00:00,INT_101,38,105
2025-02-12 01:00:00,INT_102,42,73
2025-02-12 01:00:00,INT_103,40,96
2025-02-12 01:00:00,INT_104,74,100
2025-02-12 02:00:00,INT_101,43,98
2025-02-12 02:00:00,INT_102,42,58
2025-02-12 02:00:00,INT_103,85,74
2025-02-12 02:00:00,INT_104,57,100
2025-02-12 03:00:00,INT_101,34,84
2025-02-12 03:00:00,INT_102,90,78
2025-02-12 03:00:00,INT_103,58,120
2025-02-12 03:00:00,INT_104,90,83
2025-02-12 04:00:00,INT_101,79,70
2025-02-12 04:00:00,INT_102,40,46
2025-02-12 04:00:00,INT_103,53,60
2025-02-12 04:00:00,INT_104,83,101
2025-02-12 05:00:00,INT_101,32,61
2025-02-12 05:00:00,INT_102,90,101
2025-02-12 05:00:00,INT_103,54,92
2025-02-12 05:00:00,INT_104,36,46
2025-02-12 06:00:00,INT_101,66,76
2025-02-12 06:00:00,INT_102,86,61
2025-02-12 06:00:00,INT_103,34,118
2025-02-12 06:00:00,INT_104,50,85
2025-02-12 07:00:00,INT_101,63,62
2025-02-12 07:00:00,INT_102,44,71
2025-02-12 07:00:00,INT_103,45,65
2025-02-12 07:00:00,INT_104,35,55
2025-02-12 08:00:00,INT_101,72,119
2025-02-12 08:00:00,INT_102,82,79
2025-02-12 08:00:00,INT_103,45,83
2025-02-12 08:00:00,INT_104,54,92
2025-02-12 09:00:00,INT_101,34,81
2025-02-12 09:00:00,INT_102,39,109
2025-02-12 09:00:00,INT_103,88,85
2025-02-12 09:00:00,INT_104,88,77
2025-02-12 10:00:00,INT_101,48,118
2025-02-12 10:00:00,INT_102,48,91
2025-02-12 10:00:00,INT_103,84,86
2025-02-12 10:00:00,INT_104,36,46
2025-02-12 11:00:00,INT_101,66,111
2025-02-12 11:00:00,INT_102,53,109
2025-02-12 11:00:00,INT_103,66,119
2025-02-12 11:00:00,INT_104,49,36
2025-02-12 12:00:00,INT_101,41,50
2025-02-12 12:00:00,INT_102,71,88
2025-02-12 12:00:00,INT_103,86,61
2025-02-12 12:00:00,INT_104,31,42
2025-02-12 13:00:00,INT_101,64,81
2025-02-12 13:00:00,INT_102,55,77
2025-02-12 13:00:00,INT_103,77,60
2025-02-12 13:00:00,INT_104,43,104
2025-02-12 14:00:00,INT_101,60,46
2025-02-12 14:00:00,INT_102,87,71
2025-02-12 14:00:00,INT_103,34,66
2025-02-12 14:00:00,INT_104,70,74
2025-02-12 15:00:00,INT_101,48,109
2025-02-12 15:00:00,INT_102,52,32
2025-02-12 15:00:00,INT_103,75,66
2025-02-12 15:00:00,INT_104,35,98
2025-02-12 16:00:00,INT_101,40,46
2025-02-12 16:00:00,INT_102,84,119
2025-02-12 16:00:00,INT_103,35,48
2025-02-12 16:00:00,INT_104,54,45
2025-02-12 17:00:00,INT_101,43,100
2025-02-12 17:00:00,INT_102,59,71
2025-02-12 17:00:00,INT_103,52,41
2025-02-12 17:00:00,INT_104,75,36
2025-02-12 18:00:00,INT_101,77,92
2025-02-12 18:00:00,INT_102,35,36
2025-02-12 18:00:00,INT_103,64,116
2025-02-12 18:00:00,INT_104,89,55
2025-02-12 19:00:00,INT_101,40,82
2025-02-12 19:00:00,INT_102,56,74
2025-02-12 19:00:00,INT_103,43,94
2025-02-12 19:00:00,INT_104,85,44
2025-02-12 20:00:00,INT_101,60,69
2025-02-12 20:00:00,INT_102,35,84
2025-02-12 20:00:00,INT_103,58,119
2025-02-12 20:00:00,INT_104,89,38
2025-02-12 21:00:00,INT_101,70,107
2025-02-12 21:00:00,INT_102,63,97
2025-02-12 21:00:00,INT_103,60,83
2025-02-12 21:00:00,INT_104,89,51
2025-02-12 22:00:00,INT_101,64,49
2025-02-12 22:00:00,INT_102,36,55
2025-02-12 22:00:00,INT_103,54,44
2025-02-12 22:00:00,INT_104,90,43
2025-02-12 23:00:00,INT_101,59,117
2025-02-12 23:00:00,INT_102,41,73
2025-02-12 23:00:00,INT_103,71,92
2025-02-12 23:00:00,INT_104,86,81
2025-02-13 00:00:00,INT_101,70,109
2025-02-13 00:00:00,INT_102,73,98
2025-02-13 00:00:00,INT_103,60,78
2025-02-13 00:00:00,INT_104,32,112
2025-02-13 01:00:00,INT_101,76,55
2025-02-13 01:00:00,INT_102,51,44
2025-02-13 01:00:00,INT_103,82,30
2025-02-13 01:00:00,INT_104,90,30
2025-02-13 02:00:00,INT_101,55,101
2025-02-13 02:00:00,INT_102,75,64
2025-02-13 02:00:00,INT_103,88,53
2025-02-13 02:00:00,INT_104,66,77
2025-02-13 03:00:00,INT_101,73,73
2025-02-13 03:00:00,INT_102,45,39
2025-02-13 03:00:00,INT_103,37,107
2025-02-13 03:00:00,INT_104,57,55
2025-02-13 04:00:00,INT_101,39,48
2025-02-13 04:00:00,INT_102,83,79
2025-02-13 04:00:00,INT_103,73,71
2025-02-13 04:00:00,INT_104,32,100
2025-02-13 05:00:00,INT_101,51,66
2025-02-13 05:00:00,INT_102,73,89
2025-02-13 05:00:00,INT_103,73,59
2025-02-13 05:00:00,INT_104,89,40
2025-02-13 06:00:00,INT_101,36,107
2025-02-13 06:00:00,INT_102,52,75
2025-02-13 06:00:00,INT_103,32,98
2025-02-13 06:00:00,INT_104,43,57
2025-02-13 07:00:00,INT_101,57,60
2025-02-13 07:00:00,INT_102,75,38
2025-02-13 07:00:00,INT_103,84,35
2025-02-13 07:00:00,INT_104,48,76
2025-02-13 08:00:00,INT_101,46,61
2025-02-13 08:00:00,INT_102,30,87
2025-02-13 08:00:00,INT_103,53,49
2025-02-13 08:00:00,INT_104,45,100
2025-02-13 09:00:00,INT_101,61,96
2025-02-13 09:00:00,INT_102,90,99
2025-02-13 09:00:00,INT_103,42,59
2025-02-13 09:00:00,INT_104,31,47
2025-02-13 10:00:00,INT_101,46,38
2025-02-13 10:00:00,INT_102,88,55
2025-02-13 10:00:00,INT_103,32,57
2025-02-13 10:00:00,INT_104,34,104
2025-02-13 11:00:00,INT_101,85,35
2025-02-13 11:00:00,INT_102,60,85
2025-02-13 11:00:00,INT_103,88,33
2025-02-13 11:00:00,INT_104,70,55
2025-02-13 12:00:00,INT_101,90,41
2025-02-13 12:00:00,INT_102,45,67
2025-02-13 12:00:00,INT_103,68,35
2025-02-13 12:00:00,INT_104,44,89
2025-02-13 13:00:00,INT_101,34,42
2025-02-13 13:00:00,INT_102,33,71
2025-02-13 13:00:00,INT_103,88,102
2025-02-13 13:00:00,INT_104,52,78
2025-02-13 14:00:00,INT_101,73,115
2025-02-13 14:00:00,INT_102,39,40
2025-02-13 14:00:00,INT_103,82,46
2025-02-13 14:00:00,INT_104,41,82
2025-02-13 15:00:00,INT_101,46,49
2025-02-13 15:00:00,INT_102,48,30
2025-02-13 15:00:00,INT_103,80,116
2025-02-13 15:00:00,INT_104,36,79
2025-02-13 16:00:00,INT_101,79,109
2025-02-13 16:00:00,INT_102,77,73
2025-02-13 16:00:00,INT_103,37,39
2025-02-13 16:00:00,INT_104,52,91
2025-02-13 17:00:00,INT_101,69,99
2025-02-13 17:00:00,INT_102,53,100
2025-02-13 17:00:00,INT_103,74,94
2025-02-13 17:00:00,INT_104,53,47
2025-02-13 18:00:00,INT_101,52,51
2025-02-13 18:00:00,INT_102,31,53
2025-02-13 18:00:00,INT_103,68,76
2025-02-13 18:00:00,INT_104,73,76
2025-02-13 19:00:00,INT_101,39,88
2025-02-13 19:00:00,INT_102,39,75
2025-02-13 19:00:00,INT_103,39,98
2025-02-13 19:00:00,INT_104,66,31
2025-02-13 20:00:00,INT_101,74,104
2025-02-13 20:00:00,INT_102,35,47
2025-02-13 20:00:00,INT_103,88,101
2025-02-13 20:00:00,INT_104,32,66
2025-02-13 21:00:00,INT_101,60,55
2025-02-13 21:00:00,INT_102,60,44
2025-02-13 21:00:00,INT_103,48,105
2025-02-13 21:00:00,INT_104,64,112
2025-02-13 22:00:00,INT_101,42,85
2025-02-13 22:00:00,INT_102,56,70
2025-02-13 22:00:00,INT_103,49,40
2025-02-13 22:00:00,INT_104,75,47
2025-02-13 23:00:00,INT_101,89,52
2025-02-13 23:00:00,INT_102,48,56
2025-02-13 23:00:00,INT_103,44,109
2025-02-13 23:00:00,INT_104,79,55
2025-02-14 00:00:00,INT_101,46,65
2025-02-14 00:00:00,INT_102,39,65
2025-02-14 00:00:00,INT_103,42,75
2025-02-14 00:00:00,INT_104,35,96
2025-02-14 01:00:00,INT_101,61,55
2025-02-14 01:00:00,INT_102,61,40
2025-02-14 01:00:00,INT_103,37,88
2025-02-14 01:00:00,INT_104,32,120
2025-02-14 02:00:00,INT_101,86,34
2025-02-14 02:00:00,INT_102,85,88
2025-02-14 02:00:00,INT_103,45,80
2025-02-14 02:00:00,INT_104,73,51
2025-02-14 03:00:00,INT_101,53,53
2025-02-14 03:00:00,INT_102,61,77
2025-02-14 03:00:00,INT_103,41,72
2025-02-14 03:00:00,INT_104,36,101
2025-02-14 04:00:00,INT_101,60,116
2025-02-14 04:00:00,INT_102,33,117
2025-02-14 04:00:00,INT_103,65,82
2025-02-14 04:00:00,INT_104,42,32
2025-02-14 05:00:00,INT_101,42,59
2025-02-14 05:00:00,INT_102,72,86
2025-02-14 05:00:00,INT_103,77,35
2025-02-14 05:00:00,INT_104,70,61
2025-02-14 06:00:00,INT_101,51,45
2025-02-14 06:00:00,INT_102,46,62
2025-02-14 06:00:00,INT_103,33,38
2025-02-14 06:00:00,INT_104,66,101
2025-02-14 07:00:00,INT_101,30,38
2025-02-14 07:00:00,INT_102,75,100
2025-02-14 07:00:00,INT_103,74,35
2025-02-14 07:00:00,INT_104,88,111
2025-02-14 08:00:00,INT_101,77,111
2025-02-14 08:00:00,INT_102,81,42
2025-02-14 08:00:00,INT_103,57,31
2025-02-14 08:00:00,INT_104,38,107
2025-02-14 09:00:00,INT_101,34,116
2025-02-14 09:00:00,INT_102,56,47
2025-02-14 09:00:00,INT_103,79,114
2025-02-14 09:00:00,INT_104,56,119
2025-02-14 10:00:00,INT_101,40,84
2025-02-14 10:00:00,INT_102,46,59
2025-02-14 10:00:00,INT_103,50,106
2025-02-14 10:00:00,INT_104,69,35
2025-02-14 11:00:00,INT_101,39,42
2025-02-14 11:00:00,INT_102,70,34
2025-02-14 11:00:00,INT_103,63,110
2025-02-14 11:00:00,INT_104,59,76
2025-02-14 12:00:00,INT_101,77,115
2025-02-14 12:00:00,INT_102,39,96
2025-02-14 12:00:00,INT_103,53,46
2025-02-14 12:00:00,INT_104,64,58
2025-02-14 13:00:00,INT_101,39,108
2025-02-14 13:00:00,INT_102,31,35
2025-02-14 13:00:00,INT_103,58,112
2025-02-14 13:00:00,INT_104,85,31
2025-02-14 14:00:00,INT_101,55,119
2025-02-14 14:00:00,INT_102,79,107
2025-02-14 14:00:00,INT_103,69,62
2025-02-14 14:00:00,INT_104,45,75
2025-02-14 15:00:00,INT_101,87,42
2025-02-14 15:00:00,INT_102,39,79
2025-02-14 15:00:00,INT_103,55,35
2025-02-14 15:00:00,INT_104,66,35
2025-02-14 16:00:00,INT_101,37,67
2025-02-14 16:00:00,INT_102,83,107
2025-02-14 16:00:00,INT_103,33,105
2025-02-14 16:00:00,INT_104,88,38
2025-02-14 17:00:00,INT_101,86,48
2025-02-14 17:00:00,INT_102,66,73
2025-02-14 17:00:00,INT_103,37,61
2025-02-14 17:00:00,INT_104,38,59
2025-02-14 18:00:00,INT_101,79,107
2025-02-14 18:00:00,INT_102,86,65
2025-02-14 18:00:00,INT_103,36,105
2025-02-14 18:00:00,INT_104,83,45
2025-02-14 19:00:00,INT_101,51,42
2025-02-14 19:00:00,INT_102,81,92
2025-02-14 19:00:00,INT_103,36,102
2025-02-14 19:00:00,INT_104,35,62
2025-02-14 20:00:00,INT_101,42,69
2025-02-14 20:00:00,INT_102,89,106
2025-02-14 20:00:00,INT_103,69,63
2025-02-14 20:00:00,INT_104,60,68
2025-02-14 21:00:00,INT_101,45,106
2025-02-14 21:00:00,INT_102,82,86
2025-02-14 21:00:00,INT_103,45,67
2025-02-14 21:00:00,INT_104,77,61
2025-02-14 22:00:00,INT_101,30,70
2025-02-14 22:00:00,INT_102,55,59
2025-02-14 22:00:00,INT_103,61,85
2025-02-14 22:00:00,INT_104,63,57
2025-02-14 23:00:00,INT_101,71,113
2025-02-14 23:00:00,INT_102,39,95
2025-02-14 23:00:00,INT_103,75,98
2025-02-14 23:00:00,INT_104,36,49
2025-02-15 00:00:00,INT_101,53,113
2025-02-15 00:00:00,INT_102,76,76
2025-02-15 00:00:00,INT_103,58,99
2025-02-15 00:00:00,INT_104,65,66
2025-02-15 01:00:00,INT_101,86,104
2025-02-15 01:00:00,INT_102,85,85
2025-02-15 01:00:00,INT_103,70,42
2025-02-15 01:00:00,INT_104,72,98
2025-02-15 02:00:00,INT_101,37,72
2025-02-15 02:00:00,INT_102,34,84
2025-02-15 02:00:00,INT_103,63,112
2025-02-15 02:00:00,INT_104,44,74
2025-02-15 03:00:00,INT_101,48,74
2025-02-15 03:00:00,INT_102,32,76
2025-02-15 03:00:00,INT_103,43,110
2025-02-15 03:00:00,INT_104,89,102
2025-02-15 04:00:00,INT_101,52,101
2025-02-15 04:00:00,INT_102,62,75
2025-02-15 04:00:00,INT_103,69,56
2025-02-15 04:00:00,INT_104,85,70
2025-02-15 05:00:00,INT_101,75,85
2025-02-15 05:00:00,INT_102,61,89
2025-02-15 05:00:00,INT_103,53,101
2025-02-15 05:00:00,INT_104,64,81
2025-02-15 06:00:00,INT_101,78,81
2025-02-15 06:00:00,INT_102,38,102
2025-02-15 06:00:00,INT_103,40,67
2025-02-15 06:00:00,INT_104,69,68
2025-02-15 07:00:00,INT_101,37,77
2025-02-15 07:00:00,INT_102,80,98
2025-02-15 07:00:00,INT_103,36,95
2025-02-15 07:00:00,INT_104,71,32
2025-02-15 08:00:00,INT_101,49,81
2025-02-15 08:00:00,INT_102,90,47
2025-02-15 08:00:00,INT_103,54,60
2025-02-15 08:00:00,INT_104,73,89
2025-02-15 09:00:00,INT_101,42,100
2025-02-15 09:00:00,INT_102,48,98
2025-02-15 09:00:00,INT_103,50,30
2025-02-15 09:00:00,INT_104,81,59
2025-02-15 10:00:00,INT_101,83,95
2025-02-15 10:00:00,INT_102,44,40
2025-02-15 10:00:00,INT_103,42,119
2025-02-15 10:00:00,INT_104,69,53
2025-02-15 11:00:00,INT_101,78,107
2025-02-15 11:00:00,INT_102,50,47
2025-02-15 11:00:00,INT_103,76,54
2025-02-15 11:00:00,INT_104,87,65
2025-02-15 12:00:00,INT_101,31,97
2025-02-15 12:00:00,INT_102,34,55
2025-02-15 12:00:00,INT_103,64,62
2025-02-15 12:00:00,INT_104,89,50
2025-02-15 13:00:00,INT_101,76,43
2025-02-15 13:00:00,INT_102,72,50
2025-02-15 13:00:00,INT_103,84,34
2025-02-15 13:00:00,INT_104,69,53
2025-02-15 14:00:00,INT_101,47,52
2025-02-15 14:00:00,INT_102,42,94
2025-02-15 14:00:00,INT_103,44,65
2025-02-15 14:00:00,INT_104,70,67
2025-02-15 15:00:00,INT_101,88,74
2025-02-15 15:00:00,INT_102,65,68
2025-02-15 15:00:00,INT_103,59,56
2025-02-15 15:00:00,INT_104,68,118
2025-02-15 16:00:00,INT_101,74,38
2025-02-15 16:00:00,INT_102,32,84
2025-02-15 16:00:00,INT_103,86,112
2025-02-15 16:00:00,INT_104,77,48
2025-02-15 17:00:00,INT_101,37,71
2025-02-15 17:00:00,INT_102,87,74
2025-02-15 17:00:00,INT_103,50,84
2025-02-15 17:00:00,INT_104,74,102
2025-02-15 18:00:00,INT_101,57,69
2025-02-15 18:00:00,INT_102,59,114
2025-02-15 18:00:00,INT_103,50,46
2025-02-15 18:00:00,INT_104,50,52
2025-02-15 19:00:00,INT_101,56,68
2025-02-15 19:00:00,INT_102,69,87
2025-02-15 19:00:00,INT_103,55,43
2025-02-15 19:00:00,INT_104,73,77
2025-02-15 20:00:00,INT_101,73,110
2025-02-15 20:00:00,INT_102,66,64
2025-02-15 20:00:00,INT_103,65,31
2025-02-15 20:00:00,INT_104,79,108
2025-02-15 21:00:00,INT_101,48,120
2025-02-15 21:00:00,INT_102,81,93
2025-02-15 21:00:00,INT_103,49,44
2025-02-15 21:00:00,INT_104,85,75
2025-02-15 22:00:00,INT_101,86,83
2025-02-15 22:00:00,INT_102,37,86
2025-02-15 22:00:00,INT_103,66,81
2025-02-15 22:00:00,INT_104,87,39
2025-02-15 23:00:00,INT_101,39,38
2025-02-15 23:00:00,INT_102,36,72
2025-02-15 23:00:00,INT_103,35,54
2025-02-15 23:00:00,INT_104,74,47
2025-02-16 00:00:00,INT_101,85,41
2025-02-16 00:00:00,INT_102,48,63
2025-02-16 00:00:00,INT_103,79,79
2025-02-16 00:00:00,INT_104,44,61
2025-02-16 01:00:00,INT_101,62,97
2025-02-16 01:00:00,INT_102,53,40
2025-02-16 01:00:00,INT_103,61,37
2025-02-16 01:00:00,INT_104,50,115
2025-02-16 02:00:00,INT_101,55,82
2025-02-16 02:00:00,INT_102,46,94
2025-02-16 02:00:00,INT_103,34,66
2025-02-16 02:00:00,INT_104,49,106
2025-02-16 03:00:00,INT_101,40,54
2025-02-16 03:00:00,INT_102,34,69
2025-02-16 03:00:00,INT_103,75,34
2025-02-16 03:00:00,INT_104,67,96
2025-02-16 04:00:00,INT_101,64,101
2025-02-16 04:00:00,INT_102,38,109
2025-02-16 04:00:00,INT_103,38,36
2025-02-16 04:00:00,INT_104,87,98
2025-02-16 05:00:00,INT_101,70,43
2025-02-16 05:00:00,INT_102,61,65
2025-02-16 05:00:00,INT_103,86,111
2025-02-16 05:00:00,INT_104,45,110
2025-02-16 06:00:00,INT_101,74,47
2025-02-16 06:00:00,INT_102,48,97
2025-02-16 06:00:00,INT_103,80,117
2025-02-16 06:00:00,INT_104,86,48
2025-02-16 07:00:00,INT_101,73,116
2025-02-16 07:00:00,INT_102,73,111
2025-02-16 07:00:00,INT_103,59,111
2025-02-16 07:00:00,INT_104,65,90
2025-02-16 08:00:00,INT_101,35,65
2025-02-16 08:00:00,INT_102,32,40
2025-02-16 08:00:00,INT_103,40,112
2025-02-16 08:00:00,INT_104,47,106
2025-02-16 09:00:00,INT_101,39,115
2025-02-16 09:00:00,INT_102,75,81
2025-02-16 09:00:00,INT_103,87,69
2025-02-16 09:00:00,INT_104,80,120
2025-02-16 10:00:00,INT_101,80,44
2025-02-16 10:00:00,INT_102,48,92
2025-02-16 10:00:00,INT_103,54,49
2025-02-16 10:00:00,INT_104,81,58
2025-02-16 11:00:00,INT_101,50,82
2025-02-16 11:00:00,INT_102,51,106
2025-02-16 11:00:00,INT_103,90,63
2025-02-16 11:00:00,INT_104,62,47
2025-02-16 12:00:00,INT_101,65,52
2025-02-16 12:00:00,INT_102,90,51
2025-02-16 12:00:00,INT_103,31,120
2025-02-16 12:00:00,INT_104,44,49
2025-02-16 13:00:00,INT_101,85,38
2025-02-16 13:00:00,INT_102,52,36
2025-02-16 13:00:00,INT_103,81,37
2025-02-16 13:00:00,INT_104,64,108
2025-02-16 14:00:00,INT_101,88,39
2025-02-16 14:00:00,INT_102,86,45
2025-02-16 14:00:00,INT_103,89,80
2025-02-16 14:00:00,INT_104,35,94
2025-02-16 15:00:00,INT_101,49,50
2025-02-16 15:00:00,INT_102,73,51
2025-02-16 15:00:00,INT_103,48,77
2025-02-16 15:00:00,INT_104,75,73
2025-02-16 16:00:00,INT_101,80,108
2025-02-16 16:00:00,INT_102,71,71
2025-02-16 16:00:00,INT_103,82,119
2025-02-16 16:00:00,INT_104,73,77
2025-02-16 17:00:00,INT_101,53,76
2025-02-16 17:00:00,INT_102,58,57
2025-02-16 17:00:00,INT_103,56,46
2025-02-16 17:00:00,INT_104,52,35
2025-02-16 18:00:00,INT_101,30,58
2025-02-16 18:00:00,INT_102,64,35
2025-02-16 18:00:00,INT_103,72,50
2025-02-16 18:00:00,INT_104,88,37
2025-02-16 19:00:00,INT_101,84,73
2025-02-16 19:00:00,INT_102,84,56
2025-02-16 19:00:00,INT_103,80,75
2025-02-16 19:00:00,INT_104,69,72
2025-02-16 20:00:00,INT_101,83,94
2025-02-16 20:00:00,INT_102,43,49
2025-02-16 20:00:00,INT_103,69,56
2025-02-16 20:00:00,INT_104,79,60
2025-02-16 21:00:00,INT_101,79,119
2025-02-16 21:00:00,INT_102,41,104
2025-02-16 21:00:00,INT_103,78,33
2025-02-16 21:00:00,INT_104,59,87
2025-02-16 22:00:00,INT_101,76,67
2025-02-16 22:00:00,INT_102,78,43
2025-02-16 22:00:00,INT_103,46,39
2025-02-16 22:00:00,INT_104,65,60
2025-02-16 23:00:00,INT_101,52,49
2025-02-16 23:00:00,INT_102,38,36
2025-02-16 23:00:00,INT_103,56,36
2025-02-16 23:00:00,INT_104,62,75
2025-02-17 00:00:00,INT_101,88,97
2025-02-17 00:00:00,INT_102,78,118
2025-02-17 00:00:00,INT_103,56,115
2025-02-17 00:00:00,INT_104,74,100
2025-02-17 01:00:00,INT_101,69,43
2025-02-17 01:00:00,INT_102,54,61
2025-02-17 01:00:00,INT_103,45,35
2025-02-17 01:00:00,INT_104,74,110
2025-02-17 02:00:00,INT_101,75,104
2025-02-17 02:00:00,INT_102,49,58
2025-02-17 02:00:00,INT_103,80,62
2025-02-17 02:00:00,INT_104,51,61
2025-02-17 03:00:00,INT_101,84,31
2025-02-17 03:00:00,INT_102,36,65
2025-02-17 03:00:00,INT_103,60,63
2025-02-17 03:00:00,INT_104,77,78
2025-02-17 04:00:00,INT_101,80,33
2025-02-17 04:00:00,INT_102,36,103
2025-02-17 04:00:00,INT_103,33,35
2025-02-17 04:00:00,INT_104,77,84
2025-02-17 05:00:00,INT_101,50,86
2025-02-17 05:00:00,INT_102,84,44
2025-02-17 05:00:00,INT_103,89,32
2025-02-17 05:00:00,INT_104,55,36
2025-02-17 06:00:00,INT_101,90,65
2025-02-17 06:00:00,INT_102,34,93
2025-02-17 06:00:00,INT_103,45,102
2025-02-17 06:00:00,INT_104,61,71
2025-02-17 07:00:00,INT_101,79,60
2025-02-17 07:00:00,INT_102,39,116
2025-02-17 07:00:00,INT_103,45,104
2025-02-17 07:00:00,INT_104,72,117
2025-02-17 08:00:00,INT_101,48,74
2025-02-17 08:00:00,INT_102,55,80
2025-02-17 08:00:00,INT_103,88,110
2025-02-17 08:00:00,INT_104,59,113
2025-02-17 09:00:00,INT_101,55,86
2025-02-17 09:00:00,INT_102,36,51
2025-02-17 09:00:00,INT_103,62,63
2025-02-17 09:00:00,INT_104,62,84
2025-02-17 10:00:00,INT_101,57,96
2025-02-17 10:00:00,INT_102,40,63
2025-02-17 10:00:00,INT_103,54,85
2025-02-17 10:00:00,INT_104,81,30
2025-02-17 11:00:00,INT_101,62,100
2025-02-17 11:00:00,INT_102,72,72
2025-02-17 11:00:00,INT_103,37,39
2025-02-17 11:00:00,INT_104,42,38
2025-02-17 12:00:00,INT_101,59,102
2025-02-17 12:00:00,INT_102,71,31
2025-02-17 12:00:00,INT_103,53,33
2025-02-17 12:00:00,INT_104,35,52
2025-02-17 13:00:00,INT_101,81,77
2025-02-17 13:00:00,INT_102,50,42
2025-02-17 13:00:00,INT_103,71,47
2025-02-17 13:00:00,INT_104,47,42
2025-02-17 14:00:00,INT_101,61,74
2025-02-17 14:00:00,INT_102,35,91
2025-02-17 14:00:00,INT_103,33,117
2025-02-17 14:00:00,INT_104,66,87
2025-02-17 15:00:00,INT_101,87,70
2025-02-17 15:00:00,INT_102,62,113
2025-02-17 15:00:00,INT_103,54,84
2025-02-17 15:00:00,INT_104,36,55
2025-02-17 16:00:00,INT_101,48,80
2025-02-17 16:00:00,INT_102,66,77
2025-02-17 16:00:00,INT_103,52,63
2025-02-17 16:00:00,INT_104,43,85
2025-02-17 17:00:00,INT_101,42,120
2025-02-17 17:00:00,INT_102,61,120
2025-02-17 17:00:00,INT_103,47,77
2025-02-17 17:00:00,INT_104,53,73
2025-02-17 18:00:00,INT_101,54,33
2025-02-17 18:00:00,INT_102,60,49
2025-02-17 18:00:00,INT_103,40,44
2025-02-17 18:00:00,INT_104,34,94
2025-02-17 19:00:00,INT_101,80,106
2025-02-17 19:00:00,INT_102,87,31
2025-02-17 19:00:00,INT_103,61,104
2025-02-17 19:00:00,INT_104,52,95
2025-02-17 20:00:00,INT_101,46,32
2025-02-17 20:00:00,INT_102,39,81
2025-02-17 20:00:00,INT_103,67,51
2025-02-17 20:00:00,INT_104,51,68
2025-02-17 21:00:00,INT_101,84,79
2025-02-17 21:00:00,INT_102,82,75
2025-02-17 21:00:00,INT_103,82,48
2025-02-17 21:00:00,INT_104,47,89
2025-02-17 22:00:00,INT_101,30,114
2025-02-17 22:00:00,INT_102,39,101
2025-02-17 22:00:00,INT_103,62,48
2025-02-17 22:00:00,INT_104,53,85
2025-02-17 23:00:00,INT_101,67,91
2025-02-17 23:00:00,INT_102,41,111
2025-02-17 23:00:00,INT_103,35,50
2025-02-17 23:00:00,INT_104,31,100
2025-02-18 00:00:00,INT_101,43,73
2025-02-18 00:00:00,INT_102,68,85
2025-02-18 00:00:00,INT_103,55,84
2025-02-18 00:00:00,INT_104,87,66
2025-02-18 01:00:00,INT_101,52,34
2025-02-18 01:00:00,INT_102,60,66
2025-02-18 01:00:00,INT_103,57,110
2025-02-18 01:00:00,INT_104,60,36
2025-02-18 02:00:00,INT_101,30,86
2025-02-18 02:00:00,INT_102,46,37
2025-02-18 02:00:00,INT_103,80,83
2025-02-18 02:00:00,INT_104,58,85
2025-02-18 03:00:00,INT_101,30,94
2025-02-18 03:00:00,INT_102,75,33
2025-02-18 03:00:00,INT_103,41,94
2025-02-18 03:00:00,INT_104,85,43
2025-02-18 04:00:00,INT_101,44,64
2025-02-18 04:00:00,INT_102,86,59
2025-02-18 04:00:00,INT_103,55,44
2025-02-18 04:00:00,INT_104,77,59
2025-02-18 05:00:00,INT_101,70,97
2025-02-18 05:00:00,INT_102,34,96
2025-02-18 05:00:00,INT_103,59,48
2025-02-18 05:00:00,INT_104,47,83
2025-02-18 06:00:00,INT_101,86,53
2025-02-18 06:00:00,INT_102,61,88
2025-02-18 06:00:00,INT_103,83,86
2025-02-18 06:00:00,INT_104,70,37
2025-02-18 07:00:00,INT_101,63,117
2025-02-18 07:00:00,INT_102,77,109
2025-02-18 07:00:00,INT_103,85,78
2025-02-18 07:00:00,INT_104,80,72
2025-02-18 08:00:00,INT_101,34,43
2025-02-18 08:00:00,INT_102,89,48
2025-02-18 08:00:00,INT_103,86,34
2025-02-18 08:00:00,INT_104,62,116
2025-02-18 09:00:00,INT_101,79,91
2025-02-18 09:00:00,INT_102,55,30
2025-02-18 09:00:00,INT_103,67,51
2025-02-18 09:00:00,INT_104,79,32
2025-02-18 10:00:00,INT_101,30,112
2025-02-18 10:00:00,INT_102,60,47
2025-02-18 10:00:00,INT_103,37,44
2025-02-18 10:00:00,INT_104,32,59
2025-02-18 11:00:00,INT_101,49,91
2025-02-18 11:00:00,INT_102,73,72
2025-02-18 11:00:00,INT_103,59,66
2025-02-18 11:00:00,INT_104,79,114
2025-02-18 12:00:00,INT_101,34,47
2025-02-18 12:00:00,INT_102,56,109
2025-02-18 12:00:00,INT_103,49,113
2025-02-18 12:00:00,INT_104,55,66
2025-02-18 13:00:00,INT_101,90,113
2025-02-18 13:00:00,INT_102,59,112
2025-02-18 13:00:00,INT_103,81,59
2025-02-18 13:00:00,INT_104,48,61
2025-02-18 14:00:00,INT_101,82,80
2025-02-18 14:00:00,INT_102,61,98
2025-02-18 14:00:00,INT_103,86,36
2025-02-18 14:00:00,INT_104,32,33
2025-02-18 15:00:00,INT_101,43,51
2025-02-18 15:00:00,INT_102,39,58
2025-02-18 15:00:00,INT_103,83,55
2025-02-18 15:00:00,INT_104,66,112
2025-02-18 16:00:00,INT_101,59,103
2025-02-18 16:00:00,INT_102,31,97
2025-02-18 16:00:00,INT_103,69,55
2025-02-18 16:00:00,INT_104,64,41
2025-02-18 17:00:00,INT_101,58,51
2025-02-18 17:00:00,INT_102,67,86
2025-02-18 17:00:00,INT_103,87,90
2025-02-18 17:00:00,INT_104,88,51
2025-02-18 18:00:00,INT_101,44,91
2025-02-18 18:00:00,INT_102,62,103
2025-02-18 18:00:00,INT_103,35,76
2025-02-18 18:00:00,INT_104,55,105
2025-02-18 19:00:00,INT_101,40,53
2025-02-18 19:00:00,INT_102,85,114
2025-02-18 19:00:00,INT_103,46,71
2025-02-18 19:00:00,INT_104,64,98
2025-02-18 20:00:00,INT_101,69,30
2025-02-18 20:00:00,INT_102,53,112
2025-02-18 20:00:00,INT_103,88,32
2025-02-18 20:00:00,INT_104,34,59
2025-02-18 21:00:00,INT_101,44,46
2025-02-18 21:00:00,INT_102,34,36
2025-02-18 21:00:00,INT_103,69,46
2025-02-18 21:00:00,INT_104,67,74
2025-02-18 22:00:00,INT_101,83,52
2025-02-18 22:00:00,INT_102,33,92
2025-02-18 22:00:00,INT_103,81,96
2025-02-18 22:00:00,INT_104,33,44
2025-02-18 23:00:00,INT_101,41,77
2025-02-18 23:00:00,INT_102,35,44
2025-02-18 23:00:00,INT_103,50,32
2025-02-18 23:00:00,INT_104,57,73
2025-02-19 00:00:00,INT_101,45,33
2025-02-19 00:00:00,INT_102,31,117
2025-02-19 00:00:00,INT_103,77,79
2025-02-19 00:00:00,INT_104,43,108
2025-02-19 01:00:00,INT_101,55,93
2025-02-19 01:00:00,INT_102,38,91
2025-02-19 01:00:00,INT_103,58,76
2025-02-19 01:00:00,INT_104,76,120
2025-02-19 02:00:00,INT_101,88,93
2025-02-19 02:00:00,INT_102,67,86
2025-02-19 02:00:00,INT_103,42,37
2025-02-19 02:00:00,INT_104,88,36
2025-02-19 03:00:00,INT_101,90,78
2025-02-19 03:00:00,INT_102,86,33
2025-02-19 03:00:00,INT_103,69,54
2025-02-19 03:00:00,INT_104,64,103
2025-02-19 04:00:00,INT_101,38,109
2025-02-19 04:00:00,INT_102,44,61
2025-02-19 04:00:00,INT_103,48,77
2025-02-19 04:00:00,INT_104,68,49
2025-02-19 05:00:00,INT_101,30,67
2025-02-19 05:00:00,INT_102,47,92
2025-02-19 05:00:00,INT_103,44,118
2025-02-19 05:00:00,INT_104,76,89
2025-02-19 06:00:00,INT_101,65,53
2025-02-19 06:00:00,INT_102,46,117
2025-02-19 06:00:00,INT_103,55,44
2025-02-19 06:00:00,INT_104,35,78
2025-02-19 07:00:00,INT_101,77,53
2025-02-19 07:00:00,INT_102,78,61
2025-02-19 07:00:00,INT_103,39,42
2025-02-19 07:00:00,INT_104,36,71
2025-02-19 08:00:00,INT_101,53,52
2025-02-19 08:00:00,INT_102,62,97
2025-02-19 08:00:00,INT_103,86,116
2025-02-19 08:00:00,INT_104,83,120
2025-02-19 09:00:00,INT_101,82,93
2025-02-19 09:00:00,INT_102,59,104
2025-02-19 09:00:00,INT_103,84,106
2025-02-19 09:00:00,INT_104,83,115
2025-02-19 10:00:00,INT_101,90,99
2025-02-19 10:00:00,INT_102,81,67
2025-02-19 10:00:00,INT_103,72,84
2025-02-19 10:00:00,INT_104,39,35
2025-02-19 11:00:00,INT_101,39,39
2025-02-19 11:00:00,INT_102,49,35
2025-02-19 11:00:00,INT_103,53,46
2025-02-19 11:00:00,INT_104,69,34
2025-02-19 12:00:00,INT_101,81,37
2025-02-19 12:00:00,INT_102,57,79
2025-02-19 12:00:00,INT_103,86,97
2025-02-19 12:00:00,INT_104,53,61
2025-02-19 13:00:00,INT_101,65,42
2025-02-19 13:00:00,INT_102,49,107
2025-02-19 13:00:00,INT_103,63,80
2025-02-19 13:00:00,INT_104,78,84
2025-02-19 14:00:00,INT_101,51,90
2025-02-19 14:00:00,INT_102,65,114
2025-02-19 14:00:00,INT_103,85,31
2025-02-19 14:00:00,INT_104,40,118
2025-02-19 15:00:00,INT_101,64,79
2025-02-19 15:00:00,INT_102,30,106
2025-02-19 15:00:00,INT_103,67,69
2025-02-19 15:00:00,INT_104,61,78
2025-02-19 16:00:00,INT_101,81,110
2025-02-19 16:00:00,INT_102,66,74
2025-02-19 16:00:00,INT_103,67,77
2025-02-19 16:00:00,INT_104,37,87
2025-02-19 17:00:00,INT_101,88,42
2025-02-19 17:00:00,INT_102,74,105
2025-02-19 17:00:00,INT_103,86,76
2025-02-19 17:00:00,INT_104,62,30
2025-02-19 18:00:00,INT_101,82,76
2025-02-19 18:00:00,INT_102,73,31
2025-02-19 18:00:00,INT_103,50,51
2025-02-19 18:00:00,INT_104,47,71
2025-02-19 19:00:00,INT_101,44,55
2025-02-19 19:00:00,INT_102,61,49
2025-02-19 19:00:00,INT_103,53,46
2025-02-19 19:00:00,INT_104,60,54
2025-02-19 20:00:00,INT_101,35,95
2025-02-19 20:00:00,INT_102,77,94
2025-02-19 20:00:00,INT_103,70,36
2025-02-19 20:00:00,INT_104,32,95
2025-02-19 21:00:00,INT_101,31,63
2025-02-19 21:00:00,INT_102,56,74
2025-02-19 21:00:00,INT_103,80,48
2025-02-19 21:00:00,INT_104,72,50
2025-02-19 22:00:00,INT_101,72,81
2025-02-19 22:00:00,INT_102,46,111
2025-02-19 22:00:00,INT_103,48,57
2025-02-19 22:00:00,INT_104,73,104
2025-02-19 23:00:00,INT_101,84,56
2025-02-19 23:00:00,INT_102,31,77
2025-02-19 23:00:00,INT_103,70,70
2025-02-19 23:00:00,INT_104,64,33
2025-02-20 00:00:00,INT_101,67,110
2025-02-20 00:00:00,INT_102,85,74
2025-02-20 00:00:00,INT_103,78,93
2025-02-20 00:00:00,INT_104,69,105
2025-02-20 01:00:00,INT_101,45,103
2025-02-20 01:00:00,INT_102,44,113
2025-02-20 01:00:00,INT_103,43,117
2025-02-20 01:00:00,INT_104,65,58
2025-02-20 02:00:00,INT_101,83,97
2025-02-20 02:00:00,INT_102,90,37
2025-02-20 02:00:00,INT_103,57,43
2025-02-20 02:00:00,INT_104,47,42
2025-02-20 03:00:00,INT_101,57,91
2025-02-20 03:00:00,INT_102,44,81
2025-02-20 03:00:00,INT_103,31,108
2025-02-20 03:00:00,INT_104,30,88
2025-02-20 04:00:00,INT_101,87,78
2025-02-20 04:00:00,INT_102,53,118
2025-02-20 04:00:00,INT_103,66,42
2025-02-20 04:00:00,INT_104,47,30
2025-02-20 05:00:00,INT_101,62,116
2025-02-20 05:00:00,INT_102,69,69
2025-02-20 05:00:00,INT_103,32,41
2025-02-20 05:00:00,INT_104,46,63
2025-02-20 06:00:00,INT_101,68,62
2025-02-20 06:00:00,INT_102,89,43
2025-02-20 06:00:00,INT_103,77,72
2025-02-20 06:00:00,INT_104,70,45
2025-02-20 07:00:00,INT_101,45,50
2025-02-20 07:00:00,INT_102,62,116
2025-02-20 07:00:00,INT_103,46,61
2025-02-20 07:00:00,INT_104,86,114
2025-02-20 08:00:00,INT_101,48,72
2025-02-20 08:00:00,INT_102,87,87
2025-02-20 08:00:00,INT_103,83,67
2025-02-20 08:00:00,INT_104,69,115
2025-02-20 09:00:00,INT_101,77,46
2025-02-20 09:00:00,INT_102,56,54
2025-02-20 09:00:00,INT_103,76,73
2025-02-20 09:00:00,INT_104,32,31
2025-02-20 10:00:00,INT_101,74,78
2025-02-20 10:00:00,INT_102,77,60
2025-02-20 10:00:00,INT_103,61,82
2025-02-20 10:00:00,INT_104,80,69
2025-02-20 11:00:00,INT_101,42,59
2025-02-20 11:00:00,INT_102,78,109
2025-02-20 11:00:00,INT_103,71,52
2025-02-20 11:00:00,INT_104,35,120
2025-02-20 12:00:00,INT_101,71,115
2025-02-20 12:00:00,INT_102,36,112
2025-02-20 12:00:00,INT_103,67,80
2025-02-20 12:00:00,INT_104,54,39
2025-02-20 13:00:00,INT_101,69,107
2025-02-20 13:00:00,INT_102,90,67
2025-02-20 13:00:00,INT_103,55,59
2025-02-20 13:00:00,INT_104,55,90
2025-02-20 14:00:00,INT_101,34,112
2025-02-20 14:00:00,INT_102,88,75
2025-02-20 14:00:00,INT_103,88,102
2025-02-20 14:00:00,INT_104,62,36
2025-02-20 15:00:00,INT_101,79,36
2025-02-20 15:00:00,INT_102,83,69
2025-02-20 15:00:00,INT_103,49,112
2025-02-20 15:00:00,INT_104,67,58
2025-02-20 16:00:00,INT_101,69,75
2025-02-20 16:00:00,INT_102,33,105
2025-02-20 16:00:00,INT_103,72,48
2025-02-20 16:00:00,INT_104,46,51
2025-02-20 17:00:00,INT_101,76,52
2025-02-20 17:00:00,INT_102,46,101
2025-02-20 17:00:00,INT_103,64,35
2025-02-20 17:00:00,INT_104,72,82
2025-02-20 18:00:00,INT_101,63,92
2025-02-20 18:00:00,INT_102,80,94
2025-02-20 18:00:00,INT_103,84,67
2025-02-20 18:00:00,INT_104,72,69
2025-02-20 19:00:00,INT_101,74,49
2025-02-20 19:00:00,INT_102,64,105
2025-02-20 19:00:00,INT_103,51,52
2025-02-20 19:00:00,INT_104,84,111
2025-02-20 20:00:00,INT_101,46,90
2025-02-20 20:00:00,INT_102,70,51
2025-02-20 20:00:00,INT_103,76,38
2025-02-20 20:00:00,INT_104,77,35
2025-02-20 21:00:00,INT_101,80,69
2025-02-20 21:00:00,INT_102,80,116
2025-02-20 21:00:00,INT_103,89,51
2025-02-20 21:00:00,INT_104,76,93
2025-02-20 22:00:00,INT_101,63,117
2025-02-20 22:00:00,INT_102,61,103
2025-02-20 22:00:00,INT_103,86,115
2025-02-20 22:00:00,INT_104,83,103
2025-02-20 23:00:00,INT_101,61,116
2025-02-20 23:00:00,INT_102,80,46
2025-02-20 23:00:00,INT_103,35,107
2025-02-20 23:00:00,INT_104,48,85
2025-02-21 00:00:00,INT_101,36,76
2025-02-21 00:00:00,INT_102,41,105
2025-02-21 00:00:00,INT_103,64,82
2025-02-21 00:00:00,INT_104,59,87
2025-02-21 01:00:00,INT_101,36,34
2025-02-21 01:00:00,INT_102,80,113
2025-02-21 01:00:00,INT_103,53,69
2025-02-21 01:00:00,INT_104,46,31
2025-02-21 02:00:00,INT_101,57,109
2025-02-21 02:00:00,INT_102,82,80
2025-02-21 02:00:00,INT_103,54,44
2025-02-21 02:00:00,INT_104,80,67
2025-02-21 03:00:00,INT_101,60,54
2025-02-21 03:00:00,INT_102,83,96
2025-02-21 03:00:00,INT_103,52,76
2025-02-21 03:00:00,INT_104,90,92
2025-02-21 04:00:00,INT_101,51,107
2025-02-21 04:00:00,INT_102,44,66
2025-02-21 04:00:00,INT_103,81,52
2025-02-21 04:00:00,INT_104,69,114
2025-02-21 05:00:00,INT_101,34,118
2025-02-21 05:00:00,INT_102,85,50
2025-02-21 05:00:00,INT_103,36,37
2025-02-21 05:00:00,INT_104,79,81
2025-02-21 06:00:00,INT_101,81,114
2025-02-21 06:00:00,INT_102,83,90
2025-02-21 06:00:00,INT_103,46,77
2025-02-21 06:00:00,INT_104,66,59
2025-02-21 07:00:00,INT_101,45,75
2025-02-21 07:00:00,INT_102,77,116
2025-02-21 07:00:00,INT_103,63,111
2025-02-21 07:00:00,INT_104,67,51
2025-02-21 08:00:00,INT_101,43,40
2025-02-21 08:00:00,INT_102,69,103
2025-02-21 08:00:00,INT_103,53,59
2025-02-21 08:00:00,INT_104,52,99
2025-02-21 09:00:00,INT_101,58,60
2025-02-21 09:00:00,INT_102,70,61
2025-02-21 09:00:00,INT_103,52,43
2025-02-21 09:00:00,INT_104,36,119
2025-02-21 10:00:00,INT_101,74,66
2025-02-21 10:00:00,INT_102,71,103
2025-02-21 10:00:00,INT_103,90,94
2025-02-21 10:00:00,INT_104,30,68
2025-02-21 11:00:00,INT_101,51,89
2025-02-21 11:00:00,INT_102,34,101
2025-02-21 11:00:00,INT_103,38,98
2025-02-21 11:00:00,INT_104,35,91
2025-02-21 12:00:00,INT_101,40,117
2025-02-21 12:00:00,INT_102,66,101
2025-02-21 12:00:00,INT_103,68,36
2025-02-21 12:00:00,INT_104,50,39
2025-02-21 13:00:00,INT_101,76,93
2025-02-21 13:00:00,INT_102,90,109
2025-02-21 13:00:00,INT_103,56,81
2025-02-21 13:00:00,INT_104,66,43
2025-02-21 14:00:00,INT_101,70,53
2025-02-21 14:00:00,INT_102,72,98
2025-02-21 14:00:00,INT_103,84,97
2025-02-21 14:00:00,INT_104,88,57
2025-02-21 15:00:00,INT_101,45,117
2025-02-21 15:00:00,INT_102,68,73
2025-02-21 15:00:00,INT_103,89,41
2025-02-21 15:00:00,INT_104,55,51
2025-02-21 16:00:00,INT_101,65,106
2025-02-21 16:00:00,INT_102,32,85
2025-02-21 16:00:00,INT_103,90,45
2025-02-21 16:00:00,INT_104,51,83
2025-02-21 17:00:00,INT_101,74,77
2025-02-21 17:00:00,INT_102,84,89
2025-02-21 17:00:00,INT_103,39,41
2025-02-21 17:00:00,INT_104,44,119
2025-02-21 18:00:00,INT_101,48,59
2025-02-21 18:00:00,INT_102,58,115
2025-02-21 18:00:00,INT_103,59,113
2025-02-21 18:00:00,INT_104,86,106
2025-02-21 19:00:00,INT_101,59,109
2025-02-21 19:00:00,INT_102,47,83
2025-02-21 19:00:00,INT_103,77,45
2025-02-21 19:00:00,INT_104,52,50
2025-02-21 20:00:00,INT_101,89,41
2025-02-21 20:00:00,INT_102,52,96
2025-02-21 20:00:00,INT_103,58,37
2025-02-21 20:00:00,INT_104,52,115
2025-02-21 21:00:00,INT_101,36,101
2025-02-21 21:00:00,INT_102,67,120
2025-02-21 21:00:00,INT_103,65,91
2025-02-21 21:00:00,INT_104,34,78
2025-02-21 22:00:00,INT_101,40,52
2025-02-21 22:00:00,INT_102,30,71
2025-02-21 22:00:00,INT_103,64,120
2025-02-21 22:00:00,INT_104,62,48
2025-02-21 23:00:00,INT_101,30,36
2025-02-21 23:00:00,INT_102,75,64
2025-02-21 23:00:00,INT_103,30,87
2025-02-21 23:00:00,INT_104,87,61
2025-02-22 00:00:00,INT_101,45,84
2025-02-22 00:00:00,INT_102,37,117
2025-02-22 00:00:00,INT_103,32,47
2025-02-22 00:00:00,INT_104,50,90
2025-02-22 01:00:00,INT_101,51,56
2025-02-22 01:00:00,INT_102,52,65
2025-02-22 01:00:00,INT_103,63,115
2025-02-22 01:00:00,INT_104,50,106
2025-02-22 02:00:00,INT_101,81,63
2025-02-22 02:00:00,INT_102,83,50
2025-02-22 02:00:00,INT_103,76,46
2025-02-22 02:00:00,INT_104,66,99
2025-02-22 03:00:00,INT_101,43,30
2025-02-22 03:00:00,INT_102,59,106
2025-02-22 03:00:00,INT_103,48,79
2025-02-22 03:00:00,INT_104,34,116
2025-02-22 04:00:00,INT_101,70,110
2025-02-22 04:00:00,INT_102,50,59
2025-02-22 04:00:00,INT_103,74,65
2025-02-22 04:00:00,INT_104,58,88
2025-02-22 05:00:00,INT_101,55,82
2025-02-22 05:00:00,INT_102,49,73
2025-02-22 05:00:00,INT_103,82,49
2025-02-22 05:00:00,INT_104,76,45
2025-02-22 06:00:00,INT_101,81,119
2025-02-22 06:00:00,INT_102,75,120
2025-02-22 06:00:00,INT_103,49,113
2025-02-22 06:00:00,INT_104,67,71
2025-02-22 07:00:00,INT_101,38,39
2025-02-22 07:00:00,INT_102,30,50
2025-02-22 07:00:00,INT_103,44,65
2025-02-22 07:00:00,INT_104,30,98
2025-02-22 08:00:00,INT_101,46,33
2025-02-22 08:00:00,INT_102,60,112
2025-02-22 08:00:00,INT_103,62,116
2025-02-22 08:00:00,INT_104,69,55
2025-02-22 09:00:00,INT_101,37,71
2025-02-22 09:00:00,INT_102,61,59
2025-02-22 09:00:00,INT_103,85,65
2025-02-22 09:00:00,INT_104,70,58
2025-02-22 10:00:00,INT_101,62,39
2025-02-22 10:00:00,INT_102,61,109
2025-02-22 10:00:00,INT_103,46,85
2025-02-22 10:00:00,INT_104,39,74
2025-02-22 11:00:00,INT_101,68,62
2025-02-22 11:00:00,INT_102,36,30
2025-02-22 11:00:00,INT_103,44,65
2025-02-22 11:00:00,INT_104,59,106
2025-02-22 12:00:00,INT_101,79,77
2025-02-22 12:00:00,INT_102,45,86
2025-02-22 12:00:00,INT_103,70,88
2025-02-22 12:00:00,INT_104,46,87
2025-02-22 13:00:00,INT_101,57,69
2025-02-22 13:00:00,INT_102,84,94
2025-02-22 13:00:00,INT_103,60,103
2025-02-22 13:00:00,INT_104,70,41
2025-02-22 14:00:00,INT_101,71,92
2025-02-22 14:00:00,INT_102,38,118
2025-02-22 14:00:00,INT_103,74,82
2025-02-22 14:00:00,INT_104,59,39
2025-02-22 15:00:00,INT_101,83,85
2025-02-22 15:00:00,INT_102,76,65
2025-02-22 15:00:00,INT_103,82,57
2025-02-22 15:00:00,INT_104,77,65
2025-02-22 16:00:00,INT_101,52,64
2025-02-22 16:00:00,INT_102,87,99
2025-02-22 16:00:00,INT_103,58,84
2025-02-22 16:00:00,INT_104,86,83
2025-02-22 17:00:00,INT_101,32,42
2025-02-22 17:00:00,INT_102,71,70
2025-02-22 17:00:00,INT_103,85,46
2025-02-22 17:00:00,INT_104,54,30
2025-02-22 18:00:00,INT_101,77,85
2025-02-22 18:00:00,INT_102,86,70
2025-02-22 18:00:00,INT_103,39,79
2025-02-22 18:00:00,INT_104,67,85
2025-02-22 19:00:00,INT_101,89,73
2025-02-22 19:00:00,INT_102,47,92
2025-02-22 19:00:00,INT_103,64,94
2025-02-22 19:00:00,INT_104,33,30
2025-02-22 20:00:00,INT_101,77,113
2025-02-22 20:00:00,INT_102,81,38
2025-02-22 20:00:00,INT_103,82,53
2025-02-22 20:00:00,INT_104,64,67
2025-02-22 21:00:00,INT_101,56,77
2025-02-22 21:00:00,INT_102,63,87
2025-02-22 21:00:00,INT_103,80,72
2025-02-22 21:00:00,INT_104,39,59
2025-02-22 22:00:00,INT_101,49,110
2025-02-22 22:00:00,INT_102,84,120
2025-02-22 22:00:00,INT_103,43,103
2025-02-22 22:00:00,INT_104,38,49
2025-02-22 23:00:00,INT_101,37,96
2025-02-22 23:00:00,INT_102,46,91
2025-02-22 23:00:00,INT_103,41,34
2025-02-22 23:00:00,INT_104,59,53
2025-02-23 00:00:00,INT_101,58,79
2025-02-23 00:00:00,INT_102,38,100
2025-02-23 00:00:00,INT_103,86,81
2025-02-23 00:00:00,INT_104,80,78
2025-02-23 01:00:00,INT_101,63,60
2025-02-23 01:00:00,INT_102,41,47
2025-02-23 01:00:00,INT_103,83,56
2025-02-23 01:00:00,INT_104,52,34
2025-02-23 02:00:00,INT_101,65,33
2025-02-23 02:00:00,INT_102,56,110
2025-02-23 02:00:00,INT_103,73,53
2025-02-23 02:00:00,INT_104,62,31
2025-02-23 03:00:00,INT_101,80,71
2025-02-23 03:00:00,INT_102,61,35
2025-02-23 03:00:00,INT_103,41,37
2025-02-23 03:00:00,INT_104,48,46
2025-02-23 04:00:00,INT_101,63,120
2025-02-23 04:00:00,INT_102,76,34
2025-02-23 04:00:00,INT_103,55,47
2025-02-23 04:00:00,INT_104,62,79
2025-02-23 05:00:00,INT_101,36,90
2025-02-23 05:00:00,INT_102,74,92
2025-02-23 05:00:00,INT_103,46,102
2025-02-23 05:00:00,INT_104,50,106
2025-02-23 06:00:00,INT_101,57,32
2025-02-23 06:00:00,INT_102,55,76
2025-02-23 06:00:00,INT_103,62,31
2025-02-23 06:00:00,INT_104,81,51
2025-02-23 07:00:00,INT_101,36,51
2025-02-23 07:00:00,INT_102,59,71
2025-02-23 07:00:00,INT_103,32,84
2025-02-23 07:00:00,INT_104,60,76
2025-02-23 08:00:00,INT_101,83,75
2025-02-23 08:00:00,INT_102,67,68
2025-02-23 08:00:00,INT_103,72,32
2025-02-23 08:00:00,INT_104,63,109
2025-02-23 09:00:00,INT_101,34,118
2025-02-23 09:00:00,INT_102,47,43
2025-02-23 09:00:00,INT_103,37,55
2025-02-23 09:00:00,INT_104,79,77
2025-02-23 10:00:00,INT_101,72,50
2025-02-23 10:00:00,INT_102,58,47
2025-02-23 10:00:00,INT_103,57,56
2025-02-23 10:00:00,INT_104,69,94
2025-02-23 11:00:00,INT_101,84,64
2025-02-23 11:00:00,INT_102,78,99
2025-02-23 11:00:00,INT_103,30,119
2025-02-23 11:00:00,INT_104,39,60
2025-02-23 12:00:00,INT_101,61,96
2025-02-23 12:00:00,INT_102,70,47
2025-02-23 12:00:00,INT_103,80,34
2025-02-23 12:00:00,INT_104,61,73
2025-02-23 13:00:00,INT_101,87,119
2025-02-23 13:00:00,INT_102,51,81
2025-02-23 13:00:00,INT_103,70,93
2025-02-23 13:00:00,INT_104,75,88
2025-02-23 14:00:00,INT_101,76,119
2025-02-23 14:00:00,INT_102,89,86
2025-02-23 14:00:00,INT_103,77,81
2025-02-23 14:00:00,INT_104,54,53
2025-02-23 15:00:00,INT_101,36,33
2025-02-23 15:00:00,INT_102,55,65
2025-02-23 15:00:00,INT_103,34,66
2025-02-23 15:00:00,INT_104,87,57
2025-02-23 16:00:00,INT_101,36,118
2025-02-23 16:00:00,INT_102,61,60
2025-02-23 16:00:00,INT_103,69,66
2025-02-23 16:00:00,INT_104,67,95
2025-02-23 17:00:00,INT_101,64,114
2025-02-23 17:00:00,INT_102,63,87
2025-02-23 17:00:00,INT_103,68,80
2025-02-23 17:00:00,INT_104,87,86
2025-02-23 18:00:00,INT_101,50,55
2025-02-23 18:00:00,INT_102,65,50
2025-02-23 18:00:00,INT_103,51,97
2025-02-23 18:00:00,INT_104,47,110
2025-02-23 19:00:00,INT_101,61,58
2025-02-23 19:00:00,INT_102,83,100
2025-02-23 19:00:00,INT_103,49,101
2025-02-23 19:00:00,INT_104,70,34
2025-02-23 20:00:00,INT_101,85,81
2025-02-23 20:00:00,INT_102,82,35
2025-02-23 20:00:00,INT_103,65,84
2025-02-23 20:00:00,INT_104,85,46
2025-02-23 21:00:00,INT_101,62,79
2025-02-23 21:00:00,INT_102,78,81
2025-02-23 21:00:00,INT_103,72,30
2025-02-23 21:00:00,INT_104,53,103
2025-02-23 22:00:00,INT_101,49,103
2025-02-23 22:00:00,INT_102,31,84
2025-02-23 22:00:00,INT_103,32,80
2025-02-23 22:00:00,INT_104,40,101
2025-02-23 23:00:00,INT_101,69,100
2025-02-23 23:00:00,INT_102,87,35
2025-02-23 23:00:00,INT_103,77,120
2025-02-23 23:00:00,INT_104,60,54
2025-02-24 00:00:00,INT_101,68,45
2025-02-24 00:00:00,INT_102,49,49
2025-02-24 00:00:00,INT_103,65,47
2025-02-24 00:00:00,INT_104,69,115
2025-02-24 01:00:00,INT_101,89,41
2025-02-24 01:00:00,INT_102,39,110
2025-02-24 01:00:00,INT_103,71,83
2025-02-24 01:00:00,INT_104,68,86
2025-02-24 02:00:00,INT_101,42,40
2025-02-24 02:00:00,INT_102,54,40
2025-02-24 02:00:00,INT_103,68,39
2025-02-24 02:00:00,INT_104,84,99
2025-02-24 03:00:00,INT_101,62,52
2025-02-24 03:00:00,INT_102,54,46
2025-02-24 03:00:00,INT_103,46,86
2025-02-24 03:00:00,INT_104,61,55
2025-02-24 04:00:00,INT_101,80,69
2025-02-24 04:00:00,INT_102,73,86
2025-02-24 04:00:00,INT_103,83,94
2025-02-24 04:00:00,INT_104,82,51
2025-02-24 05:00:00,INT_101,84,90
2025-02-24 05:00:00,INT_102,39,86
2025-02-24 05:00:00,INT_103,87,80
2025-02-24 05:00:00,INT_104,52,44
2025-02-24 06:00:00,INT_101,67,63
2025-02-24 06:00:00,INT_102,40,49
2025-02-24 06:00:00,INT_103,57,77
2025-02-24 06:00:00,INT_104,54,32
2025-02-24 07:00:00,INT_101,77,40
2025-02-24 07:00:00,INT_102,51,65
2025-02-24 07:00:00,INT_103,54,41
2025-02-24 07:00:00,INT_104,84,110
2025-02-24 08:00:00,INT_101,72,42
2025-02-24 08:00:00,INT_102,38,88
2025-02-24 08:00:00,INT_103,52,63
2025-02-24 08:00:00,INT_104,68,70
2025-02-24 09:00:00,INT_101,33,96
2025-02-24 09:00:00,INT_102,86,32
2025-02-24 09:00:00,INT_103,60,38
2025-02-24 09:00:00,INT_104,87,93
2025-02-24 10:00:00,INT_101,83,110
2025-02-24 10:00:00,INT_102,80,37
2025-02-24 10:00:00,INT_103,38,78
2025-02-24 10:00:00,INT_104,45,114
2025-02-24 11:00:00,INT_101,44,33
2025-02-24 11:00:00,INT_102,70,102
2025-02-24 11:00:00,INT_103,82,77
2025-02-24 11:00:00,INT_104,69,101
2025-02-24 12:00:00,INT_101,43,46
2025-02-24 12:00:00,INT_102,63,47
2025-02-24 12:00:00,INT_103,48,52
2025-02-24 12:00:00,INT_104,57,86
2025-02-24 13:00:00,INT_101,49,58
2025-02-24 13:00:00,INT_102,55,100
2025-02-24 13:00:00,INT_103,76,78
2025-02-24 13:00:00,INT_104,74,47
2025-02-24 14:00:00,INT_101,65,53
2025-02-24 14:00:00,INT_102,40,64
2025-02-24 14:00:00,INT_103,73,37
2025-02-24 14:00:00,INT_104,46,102
2025-02-24 15:00:00,INT_101,72,31
2025-02-24 15:00:00,INT_102,73,118
2025-02-24 15:00:00,INT_103,84,100
2025-02-24 15:00:00,INT_104,64,68
2025-02-24 16:00:00,INT_101,64,103
2025-02-24 16:00:00,INT_102,48,80
2025-02-24 16:00:00,INT_103,84,43
2025-02-24 16:00:00,INT_104,86,109
2025-02-24 17:00:00,INT_101,57,73
2025-02-24 17:00:00,INT_102,35,62
2025-02-24 17:00:00,INT_103,81,104
2025-02-24 17:00:00,INT_104,45,67
2025-02-24 18:00:00,INT_101,81,99
2025-02-24 18:00:00,INT_102,87,36
2025-02-24 18:00:00,INT_103,37,35
2025-02-24 18:00:00,INT_104,62,30
2025-02-24 19:00:00,INT_101,70,81
2025-02-24 19:00:00,INT_102,85,73
2025-02-24 19:00:00,INT_103,90,75
2025-02-24 19:00:00,INT_104,66,89
2025-02-24 20:00:00,INT_101,33,75
2025-02-24 20:00:00,INT_102,48,46
2025-02-24 20:00:00,INT_103,58,95
2025-02-24 20:00:00,INT_104,68,89
2025-02-24 21:00:00,INT_101,71,80
2025-02-24 21:00:00,INT_102,59,92
2025-02-24 21:00:00,INT_103,36,104
2025-02-24 21:00:00,INT_104,68,113
2025-02-24 22:00:00,INT_101,64,67
2025-02-24 22:00:00,INT_102,78,114
2025-02-24 22:00:00,INT_103,31,69
2025-02-24 22:00:00,INT_104,36,46
2025-02-24 23:00:00,INT_101,61,64
2025-02-24 23:00:00,INT_102,90,48
2025-02-24 23:00:00,INT_103,64,104
2025-02-24 23:00:00,INT_104,36,98
2025-02-25 00:00:00,INT_101,60,106
2025-02-25 00:00:00,INT_102,66,50
2025-02-25 00:00:00,INT_103,36,80
2025-02-25 00:00:00,INT_104,67,59
2025-02-25 01:00:00,INT_101,44,95
2025-02-25 01:00:00,INT_102,80,45
2025-02-25 01:00:00,INT_103,86,59
2025-02-25 01:00:00,INT_104,54,63
2025-02-25 02:00:00,INT_101,61,72
2025-02-25 02:00:00,INT_102,44,33
2025-02-25 02:00:00,INT_103,68,46
2025-02-25 02:00:00,INT_104,75,77
2025-02-25 03:00:00,INT_101,85,86
2025-02-25 03:00:00,INT_102,88,36
2025-02-25 03:00:00,INT_103,45,81
2025-02-25 03:00:00,INT_104,42,79
2025-02-25 04:00:00,INT_101,72,64
2025-02-25 04:00:00,INT_102,83,73
2025-02-25 04:00:00,INT_103,36,83
2025-02-25 04:00:00,INT_104,37,107
2025-02-25 05:00:00,INT_101,39,52
2025-02-25 05:00:00,INT_102,75,50
2025-02-25 05:00:00,INT_103,73,81
2025-02-25 05:00:00,INT_104,66,81
2025-02-25 06:00:00,INT_101,61,40
2025-02-25 06:00:00,INT_102,89,119
2025-02-25 06:00:00,INT_103,51,79
2025-02-25 06:00:00,INT_104,36,110
2025-02-25 07:00:00,INT_101,31,114
2025-02-25 07:00:00,INT_102,69,117
2025-02-25 07:00:00,INT_103,54,90
2025-02-25 07:00:00,INT_104,64,120
2025-02-25 08:00:00,INT_101,57,65
2025-02-25 08:00:00,INT_102,67,107
2025-02-25 08:00:00,INT_103,55,75
2025-02-25 08:00:00,INT_104,46,47
2025-02-25 09:00:00,INT_101,68,62
2025-02-25 09:00:00,INT_102,54,82
2025-02-25 09:00:00,INT_103,49,77
2025-02-25 09:00:00,INT_104,39,75
2025-02-25 10:00:00,INT_101,43,81
2025-02-25 10:00:00,INT_102,79,62
2025-02-25 10:00:00,INT_103,37,116
2025-02-25 10:00:00,INT_104,74,46
2025-02-25 11:00:00,INT_101,85,44
2025-02-25 11:00:00,INT_102,45,34
2025-02-25 11:00:00,INT_103,78,118
2025-02-25 11:00:00,INT_104,76,89
2025-02-25 12:00:00,INT_101,78,110
2025-02-25 12:00:00,INT_102,45,89
2025-02-25 12:00:00,INT_103,62,120
2025-02-25 12:00:00,INT_104,71,81
2025-02-25 13:00:00,INT_101,43,53
2025-02-25 13:00:00,INT_102,39,41
2025-02-25 13:00:00,INT_103,87,111
2025-02-25 13:00:00,INT_104,77,36
2025-02-25 14:00:00,INT_101,38,34
2025-02-25 14:00:00,INT_102,54,101
2025-02-25 14:00:00,INT_103,52,92
2025-02-25 14:00:00,INT_104,74,103
2025-02-25 15:00:00,INT_101,77,47
2025-02-25 15:00:00,INT_102,66,45
2025-02-25 15:00:00,INT_103,47,48
2025-02-25 15:00:00,INT_104,56,107
2025-02-25 16:00:00,INT_101,67,47
2025-02-25 16:00:00,INT_102,54,82
2025-02-25 16:00:00,INT_103,74,60
2025-02-25 16:00:00,INT_104,63,99
2025-02-25 17:00:00,INT_101,76,113
2025-02-25 17:00:00,INT_102,61,88
2025-02-25 17:00:00,INT_103,82,60
2025-02-25 17:00:00,INT_104,79,108
2025-02-25 18:00:00,INT_101,37,119
2025-02-25 18:00:00,INT_102,50,67
2025-02-25 18:00:00,INT_103,44,43
2025-02-25 18:00:00,INT_104,62,57
2025-02-25 19:00:00,INT_101,73,89
2025-02-25 19:00:00,INT_102,51,74
2025-02-25 19:00:00,INT_103,57,48
2025-02-25 19:00:00,INT_104,90,64
2025-02-25 20:00:00,INT_101,64,79
2025-02-25 20:00:00,INT_102,41,76
2025-02-25 20:00:00,INT_103,65,115
2025-02-25 20:00:00,INT_104,40,77
2025-02-25 21:00:00,INT_101,46,69
2025-02-25 21:00:00,INT_102,61,78
2025-02-25 21:00:00,INT_103,89,75
2025-02-25 21:00:00,INT_104,47,116
2025-02-25 22:00:00,INT_101,34,77
2025-02-25 22:00:00,INT_102,67,109
2025-02-25 22:00:00,INT_103,47,31
2025-02-25 22:00:00,INT_104,45,110
2025-02-25 23:00:00,INT_101,85,107
2025-02-25 23:00:00,INT_102,48,48
2025-02-25 23:00:00,INT_103,90,36
2025-02-25 23:00:00,INT_104,66,64
2025-02-26 00:00:00,INT_101,72,109
2025-02-26 00:00:00,INT_102,53,88
2025-02-26 00:00:00,INT_103,58,63
2025-02-26 00:00:00,INT_104,85,104
2025-02-26 01:00:00,INT_101,81,52
2025-02-26 01:00:00,INT_102,61,104
2025-02-26 01:00:00,INT_103,79,116
2025-02-26 01:00:00,INT_104,63,48
2025-02-26 02:00:00,INT_101,59,98
2025-02-26 02:00:00,INT_102,48,116
2025-02-26 02:00:00,INT_103,31,97
2025-02-26 02:00:00,INT_104,31,96
2025-02-26 03:00:00,INT_101,54,119
2025-02-26 03:00:00,INT_102,45,52
2025-02-26 03:00:00,INT_103,90,54
2025-02-26 03:00:00,INT_104,86,45
2025-02-26 04:00:00,INT_101,58,106
2025-02-26 04:00:00,INT_102,86,52
2025-02-26 04:00:00,INT_103,53,91
2025-02-26 04:00:00,INT_104,54,88
2025-02-26 05:00:00,INT_101,43,89
2025-02-26 05:00:00,INT_102,68,33
2025-02-26 05:00:00,INT_103,48,91
2025-02-26 05:00:00,INT_104,59,53
2025-02-26 06:00:00,INT_101,34,104
2025-02-26 06:00:00,INT_102,45,107
2025-02-26 06:00:00,INT_103,38,48
2025-02-26 06:00:00,INT_104,60,92
2025-02-26 07:00:00,INT_101,50,93
2025-02-26 07:00:00,INT_102,69,80
2025-02-26 07:00:00,INT_103,30,48
2025-02-26 07:00:00,INT_104,56,35
2025-02-26 08:00:00,INT_101,73,47
2025-02-26 08:00:00,INT_102,62,108
2025-02-26 08:00:00,INT_103,66,114
2025-02-26 08:00:00,INT_104,48,59
2025-02-26 09:00:00,INT_101,78,78
2025-02-26 09:00:00,INT_102,43,111
2025-02-26 09:00:00,INT_103,51,99
2025-02-26 09:00:00,INT_104,56,109
2025-02-26 10:00:00,INT_101,89,60
2025-02-26 10:00:00,INT_102,83,48
2025-02-26 10:00:00,INT_103,70,64
2025-02-26 10:00:00,INT_104,79,103
2025-02-26 11:00:00,INT_101,86,114
2025-02-26 11:00:00,INT_102,57,66
2025-02-26 11:00:00,INT_103,42,83
2025-02-26 11:00:00,INT_104,88,59
2025-02-26 12:00:00,INT_101,55,41
2025-02-26 12:00:00,INT_102,60,98
2025-02-26 12:00:00,INT_103,37,95
2025-02-26 12:00:00,INT_104,45,102
2025-02-26 13:00:00,INT_101,31,67
2025-02-26 13:00:00,INT_102,46,34
2025-02-26 13:00:00,INT_103,36,100
2025-02-26 13:00:00,INT_104,35,103
2025-02-26 14:00:00,INT_101,84,100
2025-02-26 14:00:00,INT_102,62,91
2025-02-26 14:00:00,INT_103,78,117
2025-02-26 14:00:00,INT_104,82,93
2025-02-26 15:00:00,INT_101,84,68
2025-02-26 15:00:00,INT_102,78,38
2025-02-26 15:00:00,INT_103,55,112
2025-02-26 15:00:00,INT_104,42,106
2025-02-26 16:00:00,INT_101,86,42
2025-02-26 16:00:00,INT_102,76,73
2025-02-26 16:00:00,INT_103,86,67
2025-02-26 16:00:00,INT_104,82,50
2025-02-26 17:00:00,INT_101,71,99
2025-02-26 17:00:00,INT_102,42,72
2025-02-26 17:00:00,INT_103,67,61
2025-02-26 17:00:00,INT_104,55,81
2025-02-26 18:00:00,INT_101,86,58
2025-02-26 18:00:00,INT_102,77,104
2025-02-26 18:00:00,INT_103,69,99
2025-02-26 18:00:00,INT_104,49,101
2025-02-26 19:00:00,INT_101,42,38
2025-02-26 19:00:00,INT_102,46,112
2025-02-26 19:00:00,INT_103,85,75
2025-02-26 19:00:00,INT_104,89,57
2025-02-26 20:00:00,INT_101,38,46
2025-02-26 20:00:00,INT_102,79,72
2025-02-26 20:00:00,INT_103,62,65
2025-02-26 20:00:00,INT_104,62,96
2025-02-26 21:00:00,INT_101,49,61
2025-02-26 21:00:00,INT_102,84,85
2025-02-26 21:00:00,INT_103,37,44
2025-02-26 21:00:00,INT_104,30,48
2025-02-26 22:00:00,INT_101,82,113
2025-02-26 22:00:00,INT_102,68,72
2025-02-26 22:00:00,INT_103,82,54
2025-02-26 22:00:00,INT_104,63,110
2025-02-26 23:00:00,INT_101,48,41
2025-02-26 23:00:00,INT_102,36,76
2025-02-26 23:00:00,INT_103,84,95
2025-02-26 23:00:00,INT_104,36,52
2025-02-27 00:00:00,INT_101,79,58
2025-02-27 00:00:00,INT_102,31,77
2025-02-27 00:00:00,INT_103,37,116
2025-02-27 00:00:00,INT_104,74,107
2025-02-27 01:00:00,INT_101,38,75
2025-02-27 01:00:00,INT_102,32,111
2025-02-27 01:00:00,INT_103,48,57
2025-02-27 01:00:00,INT_104,87,113
2025-02-27 02:00:00,INT_101,75,82
2025-02-27 02:00:00,INT_102,80,42
2025-02-27 02:00:00,INT_103,48,76
2025-02-27 02:00:00,INT_104,80,92
2025-02-27 03:00:00,INT_101,65,73
2025-02-27 03:00:00,INT_102,57,55
2025-02-27 03:00:00,INT_103,66,93
2025-02-27 03:00:00,INT_104,37,106
2025-02-27 04:00:00,INT_101,68,91
2025-02-27 04:00:00,INT_102,88,109
2025-02-27 04:00:00,INT_103,46,113
2025-02-27 04:00:00,INT_104,32,78
2025-02-27 05:00:00,INT_101,52,76
2025-02-27 05:00:00,INT_102,51,34
2025-02-27 05:00:00,INT_103,83,77
2025-02-27 05:00:00,INT_104,37,92
2025-02-27 06:00:00,INT_101,56,71
2025-02-27 06:00:00,INT_102,65,95
2025-02-27 06:00:00,INT_103,47,47
2025-02-27 06:00:00,INT_104,85,71
2025-02-27 07:00:00,INT_101,72,83
2025-02-27 07:00:00,INT_102,77,30
2025-02-27 07:00:00,INT_103,38,102
2025-02-27 07:00:00,INT_104,54,50
2025-02-27 08:00:00,INT_101,40,85
2025-02-27 08:00:00,INT_102,49,49
2025-02-27 08:00:00,INT_103,59,66
2025-02-27 08:00:00,INT_104,70,77
2025-02-27 09:00:00,INT_101,35,89
2025-02-27 09:00:00,INT_102,67,72
2025-02-27 09:00:00,INT_103,53,107
2025-02-27 09:00:00,INT_104,84,78
2025-02-27 10:00:00,INT_101,52,75
2025-02-27 10:00:00,INT_102,64,86
2025-02-27 10:00:00,INT_103,83,94
2025-02-27 10:00:00,INT_104,80,52
2025-02-27 11:00:00,INT_101,40,103
2025-02-27 11:00:00,INT_102,74,109
2025-02-27 11:00:00,INT_103,48,80
2025-02-27 11:00:00,INT_104,57,61
2025-02-27 12:00:00,INT_101,51,49
2025-02-27 12:00:00,INT_102,53,104
2025-02-27 12:00:00,INT_103,43,72
2025-02-27 12:00:00,INT_104,61,115
2025-02-27 13:00:00,INT_101,88,66
2025-02-27 13:00:00,INT_102,61,52
2025-02-27 13:00:00,INT_103,40,107
2025-02-27 13:00:00,INT_104,57,101
2025-02-27 14:00:00,INT_101,46,103
2025-02-27 14:00:00,INT_102,88,33
2025-02-27 14:00:00,INT_103,49,114
2025-02-27 14:00:00,INT_104,52,81
2025-02-27 15:00:00,INT_101,61,73
2025-02-27 15:00:00,INT_102,51,59
2025-02-27 15:00:00,INT_103,60,44
2025-02-27 15:00:00,INT_104,64,68
2025-02-27 16:00:00,INT_101,36,103
2025-02-27 16:00:00,INT_102,55,107
2025-02-27 16:00:00,INT_103,42,96
2025-02-27 16:00:00,INT_104,37,73
2025-02-27 17:00:00,INT_101,75,63
2025-02-27 17:00:00,INT_102,82,111
2025-02-27 17:00:00,INT_103,79,79
2025-02-27 17:00:00,INT_104,32,37
2025-02-27 18:00:00,INT_101,54,74
2025-02-27 18:00:00,INT_102,44,90
2025-02-27 18:00:00,INT_103,72,79
2025-02-27 18:00:00,INT_104,51,40
2025-02-27 19:00:00,INT_101,75,65
2025-02-27 19:00:00,INT_102,89,106
2025-02-27 19:00:00,INT_103,82,101
2025-02-27 19:00:00,INT_104,48,43
2025-02-27 20:00:00,INT_101,65,64
2025-02-27 20:00:00,INT_102,59,56
2025-02-27 20:00:00,INT_103,35,119
2025-02-27 20:00:00,INT_104,39,58
2025-02-27 21:00:00,INT_101,33,73
2025-02-27 21:00:00,INT_102,35,89
2025-02-27 21:00:00,INT_103,53,87
2025-02-27 21:00:00,INT_104,42,102
2025-02-27 22:00:00,INT_101,44,38
2025-02-27 22:00:00,INT_102,36,65
2025-02-27 22:00:00,INT_103,32,115
2025-02-27 22:00:00,INT_104,82,63
2025-02-27 23:00:00,INT_101,89,62
2025-02-27 23:00:00,INT_102,58,77
2025-02-27 23:00:00,INT_103,46,104
2025-02-27 23:00:00,INT_104,63,100
2025-02-28 00:00:00,INT_101,86,120
2025-02-28 00:00:00,INT_102,87,61
2025-02-28 00:00:00,INT_103,42,110
2025-02-28 00:00:00,INT_104,68,34
2025-02-28 01:00:00,INT_101,68,114
2025-02-28 01:00:00,INT_102,62,79
2025-02-28 01:00:00,INT_103,84,93
2025-02-28 01:00:00,INT_104,62,61
2025-02-28 02:00:00,INT_101,72,37
2025-02-28 02:00:00,INT_102,85,115
2025-02-28 02:00:00,INT_103,79,110
2025-02-28 02:00:00,INT_104,53,110
2025-02-28 03:00:00,INT_101,36,90
2025-02-28 03:00:00,INT_102,46,101
2025-02-28 03:00:00,INT_103,40,75
2025-02-28 03:00:00,INT_104,49,50
2025-02-28 04:00:00,INT_101,70,46
2025-02-28 04:00:00,INT_102,72,57
2025-02-28 04:00:00,INT_103,45,86
2025-02-28 04:00:00,INT_104,81,69
2025-02-28 05:00:00,INT_101,32,103
2025-02-28 05:00:00,INT_102,87,119
2025-02-28 05:00:00,INT_103,42,119
2025-02-28 05:00:00,INT_104,54,37
2025-02-28 06:00:00,INT_101,66,98
2025-02-28 06:00:00,INT_102,50,117
2025-02-28 06:00:00,INT_103,41,108
2025-02-28 06:00:00,INT_104,71,95
2025-02-28 07:00:00,INT_101,90,33
2025-02-28 07:00:00,INT_102,69,73
2025-02-28 07:00:00,INT_103,61,59
2025-02-28 07:00:00,INT_104,39,81
2025-02-28 08:00:00,INT_101,84,39
2025-02-28 08:00:00,INT_102,33,90
2025-02-28 08:00:00,INT_103,78,63
2025-02-28 08:00:00,INT_104,63,56
2025-02-28 09:00:00,INT_101,56,55
2025-02-28 09:00:00,INT_102,37,84
2025-02-28 09:00:00,INT_103,82,105
2025-02-28 09:00:00,INT_104,70,66
2025-02-28 10:00:00,INT_101,85,61
2025-02-28 10:00:00,INT_102,58,114
2025-02-28 10:00:00,INT_103,41,34
2025-02-28 10:00:00,INT_104,40,32
2025-02-28 11:00:00,INT_101,60,57
2025-02-28 11:00:00,INT_102,63,62
2025-02-28 11:00:00,INT_103,72,45
2025-02-28 11:00:00,INT_104,44,64
2025-02-28 12:00:00,INT_101,77,105
2025-02-28 12:00:00,INT_102,35,37
2025-02-28 12:00:00,INT_103,65,66
2025-02-28 12:00:00,INT_104,45,81
2025-02-28 13:00:00,INT_101,51,60
2025-02-28 13:00:00,INT_102,47,43
2025-02-28 13:00:00,INT_103,86,107
2025-02-28 13:00:00,INT_104,41,47
2025-02-28 14:00:00,INT_101,87,50
2025-02-28 14:00:00,INT_102,40,61
2025-02-28 14:00:00,INT_103,38,115
2025-02-28 14:00:00,INT_104,38,84
2025-02-28 15:00:00,INT_101,37,116
2025-02-28 15:00:00,INT_102,34,46
2025-02-28 15:00:00,INT_103,82,50
2025-02-28 15:00:00,INT_104,55,82
2025-02-28 16:00:00,INT_101,54,85
2025-02-28 16:00:00,INT_102,64,78
2025-02-28 16:00:00,INT_103,59,110
2025-02-28 16:00:00,INT_104,41,54
2025-02-28 17:00:00,INT_101,66,114
2025-02-28 17:00:00,INT_102,54,98
2025-02-28 17:00:00,INT_103,83,35
2025-02-28 17:00:00,INT_104,67,81
2025-02-28 18:00:00,INT_101,43,92
2025-02-28 18:00:00,INT_102,57,65
2025-02-28 18:00:00,INT_103,76,84
2025-02-28 18:00:00,INT_104,41,71
2025-02-28 19:00:00,INT_101,40,77
2025-02-28 19:00:00,INT_102,85,95
2025-02-28 19:00:00,INT_103,44,118
2025-02-28 19:00:00,INT_104,64,42
2025-02-28 20:00:00,INT_101,64,94
2025-02-28 20:00:00,INT_102,84,41
2025-02-28 20:00:00,INT_103,88,80
2025-02-28 20:00:00,INT_104,33,97
2025-02-28 21:00:00,INT_101,69,33
2025-02-28 21:00:00,INT_102,55,35
2025-02-28 21:00:00,INT_103,79,56
2025-02-28 21:00:00,INT_104,68,50
2025-02-28 22:00:00,INT_101,46,120
2025-02-28 22:00:00,INT_102,60,51
2025-02-28 22:00:00,INT_103,34,73
2025-02-28 22:00:00,INT_104,56,78
2025-02-28 23:00:00,INT_101,60,108
2025-02-28 23:00:00,INT_102,85,66
2025-02-28 23:00:00,INT_103,41,44
2025-02-28 23:00:00,INT_104,51,118
2025-03-01 00:00:00,INT_101,39,48
2025-03-01 00:00:00,INT_102,40,76
2025-03-01 00:00:00,INT_103,70,37
2025-03-01 00:00:00,INT_104,90,70
2025-03-01 01:00:00,INT_101,51,43
2025-03-01 01:00:00,INT_102,69,68
2025-03-01 01:00:00,INT_103,56,88
2025-03-01 01:00:00,INT_104,45,80
2025-03-01 02:00:00,INT_101,69,45
2025-03-01 02:00:00,INT_102,83,48
2025-03-01 02:00:00,INT_103,42,88
2025-03-01 02:00:00,INT_104,58,45
2025-03-01 03:00:00,INT_101,43,64
2025-03-01 03:00:00,INT_102,55,67
2025-03-01 03:00:00,INT_103,36,56
2025-03-01 03:00:00,INT_104,68,53
2025-03-01 04:00:00,INT_101,58,108
2025-03-01 04:00:00,INT_102,39,39
2025-03-01 04:00:00,INT_103,37,110
2025-03-01 04:00:00,INT_104,84,108
2025-03-01 05:00:00,INT_101,48,75
2025-03-01 05:00:00,INT_102,67,92
2025-03-01 05:00:00,INT_103,31,86
2025-03-01 05:00:00,INT_104,68,76
2025-03-01 06:00:00,INT_101,55,32
2025-03-01 06:00:00,INT_102,59,98
2025-03-01 06:00:00,INT_103,56,107
2025-03-01 06:00:00,INT_104,48,89
2025-03-01 07:00:00,INT_101,79,52
2025-03-01 07:00:00,INT_102,83,112
2025-03-01 07:00:00,INT_103,59,48
2025-03-01 07:00:00,INT_104,39,51
2025-03-01 08:00:00,INT_101,50,37
2025-03-01 08:00:00,INT_102,85,70
2025-03-01 08:00:00,INT_103,35,38
2025-03-01 08:00:00,INT_104,80,98
2025-03-01 09:00:00,INT_101,48,114
2025-03-01 09:00:00,INT_102,56,118
2025-03-01 09:00:00,INT_103,85,95
2025-03-01 09:00:00,INT_104,41,93
2025-03-01 10:00:00,INT_101,57,46
2025-03-01 10:00:00,INT_102,60,30
2025-03-01 10:00:00,INT_103,61,38
2025-03-01 10:00:00,INT_104,31,74
2025-03-01 11:00:00,INT_101,85,119
2025-03-01 11:00:00,INT_102,76,30
2025-03-01 11:00:00,INT_103,83,102
2025-03-01 11:00:00,INT_104,40,49
2025-03-01 12:00:00,INT_101,30,93
2025-03-01 12:00:00,INT_102,35,110
2025-03-01 12:00:00,INT_103,71,54
2025-03-01 12:00:00,INT_104,32,51
2025-03-01 13:00:00,INT_101,48,98
2025-03-01 13:00:00,INT_102,45,45
2025-03-01 13:00:00,INT_103,67,53
2025-03-01 13:00:00,INT_104,47,41
2025-03-01 14:00:00,INT_101,83,109
2025-03-01 14:00:00,INT_102,32,93
2025-03-01 14:00:00,INT_103,45,87
2025-03-01 14:00:00,INT_104,53,97
2025-03-01 15:00:00,INT_101,71,95
2025-03-01 15:00:00,INT_102,78,119
2025-03-01 15:00:00,INT_103,33,95
2025-03-01 15:00:00,INT_104,37,98
2025-03-01 16:00:00,INT_101,57,89
2025-03-01 16:00:00,INT_102,73,110
2025-03-01 16:00:00,INT_103,48,62
2025-03-01 16:00:00,INT_104,70,66
2025-03-01 17:00:00,INT_101,60,89
2025-03-01 17:00:00,INT_102,37,59
2025-03-01 17:00:00,INT_103,50,67
2025-03-01 17:00:00,INT_104,48,30
2025-03-01 18:00:00,INT_101,31,79
2025-03-01 18:00:00,INT_102,59,87
2025-03-01 18:00:00,INT_103,90,88
2025-03-01 18:00:00,INT_104,90,70
2025-03-01 19:00:00,INT_101,79,38
2025-03-01 19:00:00,INT_102,66,38
2025-03-01 19:00:00,INT_103,56,118
2025-03-01 19:00:00,INT_104,80,107
2025-03-01 20:00:00,INT_101,65,87
2025-03-01 20:00:00,INT_102,65,119
2025-03-01 20:00:00,INT_103,86,89
2025-03-01 20:00:00,INT_104,38,117
2025-03-01 21:00:00,INT_101,75,90
2025-03-01 21:00:00,INT_102,76,78
2025-03-01 21:00:00,INT_103,36,52
2025-03-01 21:00:00,INT_104,40,33
2025-03-01 22:00:00,INT_101,37,33
2025-03-01 22:00:00,INT_102,65,101
2025-03-01 22:00:00,INT_103,74,54
2025-03-01 22:00:00,INT_104,75,106
2025-03-01 23:00:00,INT_101,90,106
2025-03-01 23:00:00,INT_102,90,52
2025-03-01 23:00:00,INT_103,58,72
2025-03-01 23:00:00,INT_104,51,113
2025-03-02 00:00:00,INT_101,51,66
2025-03-02 00:00:00,INT_102,61,80
2025-03-02 00:00:00,INT_103,30,81
2025-03-02 00:00:00,INT_104,76,32
2025-03-02 01:00:00,INT_101,55,107
2025-03-02 01:00:00,INT_102,65,101
2025-03-02 01:00:00,INT_103,86,72
2025-03-02 01:00:00,INT_104,45,86
2025-03-02 02:00:00,INT_101,63,116
2025-03-02 02:00:00,INT_102,77,72
2025-03-02 02:00:00,INT_103,66,33
2025-03-02 02:00:00,INT_104,49,51
2025-03-02 03:00:00,INT_101,50,50
2025-03-02 03:00:00,INT_102,35,79
2025-03-02 03:00:00,INT_103,30,81
2025-03-02 03:00:00,INT_104,79,73
2025-03-02 04:00:00,INT_101,57,79
2025-03-02 04:00:00,INT_102,66,80
2025-03-02 04:00:00,INT_103,30,87
2025-03-02 04:00:00,INT_104,73,55
2025-03-02 05:00:00,INT_101,45,107
2025-03-02 05:00:00,INT_102,72,84
2025-03-02 05:00:00,INT_103,66,35
2025-03-02 05:00:00,INT_104,81,115
2025-03-02 06:00:00,INT_101,83,109
2025-03-02 06:00:00,INT_102,64,98
2025-03-02 06:00:00,INT_103,85,34
2025-03-02 06:00:00,INT_104,31,30
2025-03-02 07:00:00,INT_101,76,30
2025-03-02 07:00:00,INT_102,41,92
2025-03-02 07:00:00,INT_103,71,98
2025-03-02 07:00:00,INT_104,66,78
2025-03-02 08:00:00,INT_101,71,46
2025-03-02 08:00:00,INT_102,81,87
2025-03-02 08:00:00,INT_103,47,117
2025-03-02 08:00:00,INT_104,74,67
2025-03-02 09:00:00,INT_101,34,44
2025-03-02 09:00:00,INT_102,78,61
2025-03-02 09:00:00,INT_103,77,68
2025-03-02 09:00:00,INT_104,56,74
2025-03-02 10:00:00,INT_101,54,115
2025-03-02 10:00:00,INT_102,45,85
2025-03-02 10:00:00,INT_103,38,99
2025-03-02 10:00:00,INT_104,64,58
2025-03-02 11:00:00,INT_101,89,40
2025-03-02 11:00:00,INT_102,43,101
2025-03-02 11:00:00,INT_103,34,44
2025-03-02 11:00:00,INT_104,50,89
2025-03-02 12:00:00,INT_101,56,42
2025-03-02 12:00:00,INT_102,64,94
2025-03-02 12:00:00,INT_103,33,117
2025-03-02 12:00:00,INT_104,90,38
2025-03-02 13:00:00,INT_101,77,100
2025-03-02 13:00:00,INT_102,30,84
2025-03-02 13:00:00,INT_103,65,38
2025-03-02 13:00:00,INT_104,73,58
2025-03-02 14:00:00,INT_101,60,55
2025-03-02 14:00:00,INT_102,64,74
2025-03-02 14:00:00,INT_103,51,50
2025-03-02 14:00:00,INT_104,48,56
2025-03-02 15:00:00,INT_101,70,80
2025-03-02 15:00:00,INT_102,43,117
2025-03-02 15:00:00,INT_103,32,88
2025-03-02 15:00:00,INT_104,82,70
2025-03-02 16:00:00,INT_101,87,119
2025-03-02 16:00:00,INT_102,47,109
2025-03-02 16:00:00,INT_103,38,70
2025-03-02 16:00:00,INT_104,65,51
2025-03-02 17:00:00,INT_101,89,75
2025-03-02 17:00:00,INT_102,90,72
2025-03-02 17:00:00,INT_103,50,114
2025-03-02 17:00:00,INT_104,85,41
2025-03-02 18:00:00,INT_101,37,48
2025-03-02 18:00:00,INT_102,81,61
2025-03-02 18:00:00,INT_103,39,95
2025-03-02 18:00:00,INT_104,59,33
2025-03-02 19:00:00,INT_101,36,106
2025-03-02 19:00:00,INT_102,47,45
2025-03-02 19:00:00,INT_103,43,52
2025-03-02 19:00:00,INT_104,69,116
2025-03-02 20:00:00,INT_101,63,113
2025-03-02 20:00:00,INT_102,86,71
2025-03-02 20:00:00,INT_103,38,44
2025-03-02 20:00:00,INT_104,81,115
2025-03-02 21:00:00,INT_101,38,51
2025-03-02 21:00:00,INT_102,66,65
2025-03-02 21:00:00,INT_103,58,101
2025-03-02 21:00:00,INT_104,63,73
2025-03-02 22:00:00,INT_101,75,35
2025-03-02 22:00:00,INT_102,90,83
2025-03-02 22:00:00,INT_103,52,108
2025-03-02 22:00:00,INT_104,60,77
2025-03-02 23:00:00,INT_101,34,59
2025-03-02 23:00:00,INT_102,75,54
2025-03-02 23:00:00,INT_103,49,82
2025-03-02 23:00:00,INT_104,59,46
